Rk,Player,Nation,Pos,Squad,AGE,Born,90s,GA,PKA,FK,CK,OG,PSxG,PSx_GSoT,PSxG_plus_minus,plus_minus_p90,Cmp,Att,Cmp%,Att (GK),Thr,Launch%,AvgLen,Att.1,Launch%.1,AvgLen.1,Opp,Stp,Stp%,#OPA,#OPA_p90,AvgDist
1,Jak Alnwick,eng ENG,GK,Cardiff City,31.87945205,1993,29,45,3,0,4,1,43.6,0.32,-0.4,-0.02,132,440,30,718,91,46.1,38.3,182,59.9,46.1,384,15,3.9,42,1.45,15.6
2,Jordan Archer,sct SCO,GK,Portsmouth,32.06027397,1993,1.7,2,0,0,0,0,2.9,0.27,+0.9,+0.54,7,26,26.9,50,5,48,37.1,7,28.6,36.1,32,0,0,3,1.8,16.1
3,Daniel Bachmann,at AUT,GK,Watford,30.81917808,1994,21.1,28,0,0,3,1,27.1,0.3,+0.1,0,89,296,30.1,549,100,42.1,35.8,139,46.8,39.2,315,9,2.9,15,0.71,13
4,James Beadle,eng ENG,GK,Sheffield Weds,20.8,2004,38,59,4,0,9,0,54.4,0.36,-4.6,-0.12,177,561,31.6,1153,122,36.8,34.5,205,66.8,50.3,491,23,4.7,35,0.92,12.9
5,Jonathan Bond,eng ENG,GK,Watford,31.95890411,1993,8.9,14,0,1,0,0,17.2,0.42,+3.2,+0.36,30,85,35.3,202,32,28.2,28.5,67,41.8,33.4,130,4,3.1,14,1.58,15.5
6,Solomon Brynn,eng ENG,GK,Middlesbrough,24.50958904,2000,5.7,9,0,0,3,0,9.4,0.38,+0.4,+0.07,10,38,26.3,140,30,20.7,26.6,29,31,30.7,77,10,13,5,0.88,13
7,Pierce Charles,nir NIR,GK,Sheffield Weds,19.78630137,2005,8,10,0,0,1,0,12.7,0.4,+2.7,+0.33,50,110,45.5,298,37,27.9,30.5,39,69.2,52.4,107,11,10.3,5,0.63,10.8
8,Bradley Collins,eng ENG,GK,Coventry City,28.20547945,1997,14.6,23,0,0,5,0,17,0.35,-6,-0.41,78,220,35.5,415,45,38.1,34.6,90,68.9,53.5,177,5,2.8,22,1.51,17.4
9,Michael Cooper,eng ENG,GK,Sheffield Utd,25.56986301,1999,43,33,4,0,6,1,38.5,0.25,+6.5,+0.15,248,662,37.5,1425,182,37,35.6,223,60.5,49.3,617,59,9.6,37,0.86,11.9
10,David Cornell,wls WAL,GK,Preston,34.10136986,1991,9,16,3,0,2,0,13.3,0.32,-2.7,-0.3,58,161,36,261,43,39.1,35.8,75,78.7,55.2,125,8,6.4,10,1.11,14.5
11,Jamie Cumming,eng ENG,GK,Oxford United,25.6630137,1999,45,62,2,0,4,2,71.6,0.35,+11.6,+0.26,279,871,32,1500,190,42.2,36.1,326,73,51.3,791,38,4.8,51,1.13,13.9
12,Karl Darlow,wls WAL,GK,Leeds United,34.56986301,1990,7,3,0,0,0,1,2.5,0.23,+0.5,+0.08,25,75,33.3,197,27,31.5,31,33,39.4,35.9,66,7,10.6,6,0.86,13.6
13,Adam Davies,wls WAL,GK,Sheffield Utd,32.79726027,1992,3,3,0,0,1,0,2.7,0.38,-0.3,-0.11,16,38,42.1,79,16,30.4,32.7,17,82.4,59.6,49,4,8.2,0,0,9.2
14,Seny Dieng,sn SEN,GK,Middlesbrough,30.44383562,1994,17,21,0,0,1,2,16.4,0.35,-2.6,-0.15,27,118,22.9,469,83,18.6,27,77,40.3,37.1,242,12,5,24,1.41,15.1
15,Oliver Dovin,se SWE,GK,Coventry City,22.81369863,2002,27.4,30,1,1,3,3,31.1,0.32,+4.1,+0.15,101,318,31.8,797,80,30,30.6,150,52.7,41.8,353,11,3.1,37,1.35,15.1
16,George Evans,eng ENG,GK,Millwall,19.96712329,2005,4,8,0,1,1,0,4.5,0.24,-3.5,-0.88,37,89,41.6,81,8,79,50.5,31,80.6,54.6,70,4,5.7,6,1.5,14.6
17,Tom Glover,au AUS,GK,Middlesbrough,27.35890411,1997,6.3,6,0,0,1,0,3.9,0.3,-2.1,-0.33,25,96,26,199,35,35.7,33.3,36,69.4,51.8,75,8,10.7,7,1.1,11.5
18,Joshua Griffiths,eng ENG,GK,West Brom,23.66027397,2001,6,11,0,0,3,0,8.8,0.34,-2.2,-0.36,23,74,31.1,171,29,35.1,34.1,26,53.8,45.1,103,2,1.9,6,1,13.3
19,Daniel Grimshaw,eng ENG,GK,Plymouth Argyle,27.29589041,1998,21,49,3,0,8,0,47.5,0.37,-1.5,-0.07,94,444,21.2,911,94,37.2,35.2,155,67.7,52.2,319,6,1.9,26,1.24,14.9
20,Angus Gunn,sct SCO,GK,Norwich City,29.27945205,1996,34.5,42,4,0,5,2,36.4,0.27,-3.6,-0.1,71,297,23.9,1212,172,20.8,25.9,153,29.4,30.5,469,24,5.1,60,1.74,16.1
21,Conor Hazard,nir NIR,GK,Plymouth Argyle,27.16438356,1998,25,39,1,0,4,2,45.5,0.38,+8.5,+0.34,168,615,27.3,683,93,60.8,44.3,237,84.4,58.7,466,21,4.5,16,0.64,10.9
22,Václav Hladký,cz CZE,GK,Burnley,34.46849315,1990,1,0,0,0,0,0,0.1,0.04,+0.1,+0.14,2,8,25,35,4,20,24.7,3,33.3,28.7,13,2,15.4,0,0,12.8
23,Ethan Horvath,us USA,GK,Cardiff City,29.90136986,1995,17,28,0,1,4,3,21.6,0.33,-3.4,-0.2,71,268,26.5,411,45,46.2,38.5,109,71.6,52.3,184,7,3.8,16,0.94,13.8
24,Matt Ingram,eng ENG,GK,Oxford United,31.37534247,1993,1,3,0,0,0,0,2.7,0.55,-0.3,-0.27,3,15,20,31,7,22.6,28.8,9,88.9,57.8,19,0,0,0,0,17
25,Lukas Jensen,dk DEN,GK,Millwall,26.12876712,1999,41,41,1,1,8,4,42.1,0.31,+5.1,+0.12,189,790,23.9,882,96,61.7,44.6,264,93.2,63.2,549,25,4.6,38,0.93,14.4
26,Viktor Johansson,se SWE,GK,Stoke City,26.63561644,1998,46,62,3,0,7,5,71.4,0.33,+14.4,+0.31,196,700,28,1451,209,36.2,34.5,242,72.3,53.9,753,50,6.6,102,2.22,16.1
27,Thomas Kaminski,be BEL,GK,Luton Town,32.52876712,1992,44.3,68,2,1,11,1,60.3,0.31,-6.7,-0.15,374,1023,36.6,1203,120,61.6,43.6,348,81,56,610,25,4.1,72,1.62,18.2
28,Ben Killip,eng ENG,GK,Portsmouth,29.44109589,1995,2,2,0,0,1,0,2.5,0.28,+0.5,+0.25,20,52,38.5,76,8,52.6,39.8,14,85.7,58,30,0,0,1,0.5,15
29,George Long,eng ENG,GK,Norwich City,31.49315068,1993,8.5,19,2,0,1,0,15.2,0.3,-3.8,-0.45,18,72,25,267,48,23.2,26.2,39,25.6,28.3,128,4,3.1,10,1.18,15.1
30,Illan Meslier,fr FRA,GK,Leeds United,25.17260274,2000,39,27,3,0,3,3,23.6,0.24,-0.4,-0.01,72,304,23.7,1201,174,21.1,28,119,42,39.5,348,32,9.2,35,0.9,13.7
31,Simon Moore,eng ENG,GK,Sunderland,34.95890411,1990,4,2,0,0,0,0,1.8,0.18,-0.2,-0.04,14,49,28.6,94,23,36.2,34.4,25,60,47.6,61,4,6.6,5,1.25,12.6
32,Paul Nardi,fr FRA,GK,QPR,30.96164384,1994,45,63,3,1,6,3,59.5,0.33,-0.5,-0.01,200,640,31.3,1366,184,35.7,33.5,250,60.8,46.9,658,10,1.5,39,0.87,13.8
33,Will Norris,eng ENG,GK,Portsmouth,31.7260274,1993,8,19,3,2,1,1,16.1,0.29,-1.9,-0.24,56,185,30.3,263,30,57.8,42.2,49,67.3,52.4,115,3,2.6,8,1,13.6
34,Max O'Leary,ie IRL,GK,Bristol City,28.56438356,1996,46,55,2,2,7,0,54.6,0.32,-0.4,-0.01,236,770,30.6,1217,218,51.3,39.6,219,66.7,49.2,555,37,6.7,79,1.72,17.3
35,Alex Palmer,eng ENG,GK,West Brom,28.73150685,1996,30,27,1,0,1,3,27.1,0.27,+3.1,+0.10,137,443,30.9,1070,143,32.9,32,158,57.6,46,464,33,7.1,42,1.4,13.8
36,Ivor Pandur,hr CRO,GK,Hull City,25.10958904,2000,44,52,4,0,8,2,51.8,0.29,+1.8,+0.04,124,449,27.6,1746,185,18.6,25.2,278,44.6,36.7,686,37,5.4,63,1.43,14.9
37,Anthony Patterson,eng ENG,GK,Sunderland,24.98356164,2000,42,42,4,1,2,5,39.1,0.28,+2.1,+0.05,155,520,29.8,1222,189,30.5,32.1,273,53.8,44.7,551,23,4.2,27,0.64,12.3
38,Aynsley Pears,eng ENG,GK,Blackburn,27.03013699,1998,40,43,3,2,3,0,45.5,0.28,+2.5,+0.06,174,594,29.3,1071,127,41.3,35.5,193,78.8,54,600,20,3.3,15,0.38,10.6
39,Vicente Reyes,cl CHI,GK,Norwich City,21.45479452,2003,3,7,0,0,2,0,5.6,0.49,-1.4,-0.47,4,18,22.2,63,15,22.2,28.2,10,40,38.3,38,1,2.6,8,2.66,21.8
40,Liam Roberts,eng ENG,GK,Millwall,30.44931507,1994,1,0,0,0,0,0,0.3,0.09,+0.3,+0.26,4,32,12.5,22,2,86.4,54.9,13,100,64.8,36,3,8.3,2,1.98,13.5
41,Carl Rushworth,eng ENG,GK,Hull City,23.83835616,2001,2,2,0,0,0,0,1.6,0.4,-0.4,-0.2,7,21,33.3,59,9,30.5,29.4,4,75,55.5,31,1,3.2,2,1,16.1
42,Nicolas Schmid,at AUT,GK,Portsmouth,28.19452055,1997,34.3,48,1,0,8,4,46.9,0.32,+2.9,+0.08,276,920,30,1055,60,69.1,48.8,203,94.1,67.9,454,12,2.6,98,2.85,21.7
43,Egil Selvik,no NOR,GK,Watford,27.76164384,1997,16,19,0,0,2,0,24.4,0.36,+5.4,+0.34,79,261,30.3,505,60,39,34.6,100,64,46.8,233,13,5.6,16,1,12.6
44,James Shea,eng ENG,GK,Luton Town,33.88219178,1991,1.6,1,0,0,0,0,2,0.41,+1.0,+0.62,12,43,27.9,61,6,52.5,40.4,15,73.3,57.5,21,4,19,4,2.45,13.9
45,Balázs Tóth,hu HUN,GK,Blackburn,27.6630137,1997,6,5,0,0,3,0,7.4,0.35,+2.4,+0.40,18,108,16.7,147,19,43.5,37,47,93.6,65,95,6,6.3,5,0.83,12.3
46,James Trafford,eng ENG,GK,Burnley,22.56438356,2002,45,16,0,1,3,0,27.8,0.26,+11.8,+0.26,148,574,25.8,1492,194,27.1,30.8,246,68.7,53.1,527,30,5.7,50,1.11,14.2
47,Mark Travers,ie IRL,GK,Middlesbrough,25.96164384,1999,17,20,0,0,3,1,23.1,0.28,+4.1,+0.24,37,215,17.2,419,71,36.5,35.3,116,53.4,43.9,223,15,6.7,24,1.41,15.1
48,Josh Vickers,eng ENG,GK,Derby County,29.42191781,1995,6,6,0,0,1,0,6.7,0.39,+0.7,+0.11,38,127,29.9,122,16,63.9,46.3,55,89.1,59.5,92,9,9.8,3,0.5,12
49,Lawrence Vigouroux,cl CHI,GK,Swansea City,31.45479452,1993,46,56,4,0,6,3,54.5,0.31,+1.5,+0.03,310,965,32.1,1772,188,46.6,37.2,229,61.1,47,600,40,6.7,38,0.83,13.9
50,Joe Walsh,eng ENG,GK,QPR,23.09041096,2002,1,0,0,0,0,0,1.7,0.42,+1.7,+1.67,7,24,29.2,37,2,54.1,41.4,5,80,62.2,30,1,3.3,0,0,10
51,Jacob Widell Zetterström,se SWE,GK,Derby County,26.81369863,1998,40,50,1,3,3,1,50.1,0.33,+1.1,+0.03,220,774,28.4,987,172,57.2,43.8,253,82.6,60,550,44,8,30,0.75,11.4
52,Joe Wildsmith,eng ENG,GK,West Brom,29.34794521,1995,10,9,0,1,2,0,9,0.33,0,0,54,175,30.9,303,45,44.6,36.1,65,61.5,45.6,118,7,5.9,7,0.7,13.1
53,Ben Wilson,eng ENG,GK,Coventry City,32.73424658,1992,4,5,0,0,0,0,4.8,0.22,-0.2,-0.04,16,72,22.2,118,17,49.2,38.9,18,77.8,56.3,47,3,6.4,10,2.5,20.9
54,Freddie Woodman,eng ENG,GK,Preston,28.16712329,1997,37,43,3,1,5,1,38.3,0.28,-3.7,-0.1,250,634,39.4,1232,206,41.9,36.9,230,51.3,42.6,539,32,5.9,61,1.65,14.7
1,Luis Barraza,us USA,GK,D.C. United,28.48767123,1996,4,6,0,0,1,0,4.2,0.27,-1.8,-0.45,26,86,30.2,105,16,55.2,41.7,29,96.6,61.6,63,4,6.3,11,2.75,15.6
2,Adam Beaudry,us USA,GK,Colorado Rapids,19.04657534,2006,1,3,0,0,0,1,2.3,0.46,+0.3,+0.30,4,18,22.2,21,6,61.9,46.9,6,83.3,60.7,4,0,0,0,0,12
3,Andre Blake,jm JAM,GK,Philadelphia Union,34.45205479,1990,9,9,1,0,2,0,8.5,0.25,-0.5,-0.05,41,97,42.3,201,30,35.3,32.7,50,52,42.3,107,5,4.7,13,1.44,18.9
4,Jonathan Bond,eng ENG,GK,Houston Dynamo,31.96164384,1993,3,4,1,0,0,0,3.3,0.18,-0.7,-0.23,14,33,42.4,82,14,30.5,27.7,14,57.1,42.1,30,0,0,2,0.67,15.3
5,Christopher Brady,us USA,GK,Chicago Fire,21.17260274,2004,10.4,22,3,0,2,1,20.6,0.31,-0.4,-0.04,15,56,26.8,280,56,15.7,25.4,43,27.9,31.6,119,5,4.2,15,1.44,15.6
6,Sebastian Breza,ca CAN,GK,CF Montréal,27.13972603,1998,1,1,0,0,1,0,1.8,0.3,+0.8,+0.81,2,13,15.4,34,3,35.3,32.1,4,25,25.3,11,2,18.2,1,1,12.9
7,Roman Bürki,ch SUI,GK,St. Louis,34.47123288,1990,3,0,0,0,0,0,1.9,0.21,+1.9,+0.64,18,48,37.5,87,18,44.8,39.6,26,34.6,37.2,45,4,8.9,4,1.33,12.8
8,Evan Bush,us USA,GK,Columbus Crew,39.16438356,1986,1,0,0,0,0,0,0,,0,0,1,1,100,27,4,3.7,20.1,4,0,14.3,1,0,0,1,1,14
9,Rafael Cabral,br BRA,GK,Real Salt Lake,34.95890411,1990,11,17,2,0,3,0,20.1,0.33,+3.1,+0.28,43,110,39.1,390,37,22.1,29,79,30.4,32.2,115,2,1.7,21,1.91,19.1
10,Drake Callender,us USA,GK,Inter Miami,27.57534247,1997,2.1,5,0,0,0,0,4.7,0.36,-0.3,-0.17,10,17,58.8,57,10,22.8,30.7,9,44.4,39.4,15,0,0,3,1.46,15.8
11,Roman Celentano,us USA,GK,FC Cincinnati,24.63835616,2000,11,13,1,0,0,1,13.2,0.27,+1.2,+0.11,33,96,34.4,262,69,28.6,30.7,75,28,30.8,165,10,6.1,6,0.55,10.5
12,Michael Collodi,us USA,GK,FC Dallas,23.94520548,2001,1,0,0,0,0,0,1,0.48,+1.0,+0.96,3,13,23.1,34,4,26.5,32.8,4,100,63.5,12,1,8.3,1,1,15.2
13,Carlos Coronel,py PAR,GK,NY Red Bulls,28.34794521,1996,10,12,1,1,1,0,15.4,0.31,+3.4,+0.34,29,121,24,258,49,36.8,32.6,46,56.5,45.9,112,6,5.4,20,2,17.8
14,Maxime Crépeau,ca CAN,GK,Portland Timbers,30.98356164,1994,2,8,0,0,0,0,6.4,0.36,-1.6,-0.79,15,33,45.5,62,8,35.5,34.1,15,73.3,52.2,22,0,0,0,0,8.8
15,Daniel,br BRA,GK,SJ Earthquakes,30.99726027,1994,9.2,13,1,0,1,0,16.4,0.3,+3.4,+0.37,40,116,34.5,222,38,41.4,36.4,55,43.6,39.3,129,9,7,22,2.39,18.8
16,C.J. dos Santos,us USA,GK,San Diego FC,24.69589041,2000,11,15,3,0,1,0,16.3,0.28,+1.3,+0.12,12,37,32.4,330,40,9.4,21.6,42,14.3,26.3,81,4,4.9,8,0.73,14.3
17,Earl Edwards Jr.,us USA,GK,SJ Earthquakes,33.27671233,1992,1.8,7,0,0,0,0,3.7,0.44,-3.3,-1.84,3,16,18.8,42,12,38.1,34.1,8,0,19.3,9,0,0,2,1.13,18
18,Matt Freese,us USA,GK,NYCFC,26.67123288,1998,11,13,0,0,2,2,11.5,0.24,+0.5,+0.04,21,81,25.9,285,70,20.4,27.6,56,41.1,36.3,153,9,5.9,7,0.64,14
19,Stefan Frei,ch SUI,GK,Seattle Sounders,39.04109589,1986,10,11,1,2,2,2,8.7,0.25,-0.3,-0.03,33,113,29.2,220,29,41.8,37.4,66,31.8,34.2,102,7,6.9,10,1,15.2
20,Jeffrey Gal,us USA,GK,Chicago Fire,32.07945205,1993,0.6,0,0,0,0,0,0.2,0.1,+0.2,+0.36,6,16,37.5,7,1,71.4,50.9,11,100,63.5,7,0,0,0,0,
21,Pedro Gallese,pe PER,GK,Orlando City,35.19452055,1990,10,11,1,0,1,0,14.5,0.31,+3.5,+0.35,53,115,46.1,182,23,42.3,35.3,66,57.6,39.6,154,6,3.9,6,0.6,12.7
22,Blake Gillingham,us USA,GK,Houston Dynamo,22.56438356,2002,3.3,4,0,1,0,0,6.1,0.41,+2.1,+0.64,8,39,20.5,83,18,32.5,33.3,17,70.6,54.5,44,2,4.5,4,1.22,13.3
23,Brad Guzan,us USA,GK,Atlanta Utd,40.65205479,1984,11,20,3,1,3,0,17.6,0.27,-2.4,-0.22,54,134,40.3,312,49,31.1,33,75,49.3,41,117,4,3.4,16,1.45,17.2
24,Nicholas Hansen,dk DEN,GK,Colorado Rapids,23.81917808,2001,1,1,0,0,0,0,0.6,0.28,-0.4,-0.43,9,23,39.1,28,3,57.1,41,7,100,64.7,6,1,16.7,1,1,11.1
25,Thomas Hasal,ca CAN,GK,LAFC,25.82191781,1999,1,5,0,0,1,0,2.9,0.33,-2.1,-2.07,1,7,14.3,26,8,15.4,24.9,6,50,37.5,11,2,18.2,0,0,6.6
26,Aljaž Ivačič,si SVN,GK,NE Revolution,31.34794521,1993,10,7,0,0,2,0,10.1,0.28,+3.1,+0.31,41,141,29.1,184,20,43.5,37.4,84,72.6,53.6,156,2,1.3,7,0.7,13
27,Sean Johnson,us USA,GK,Toronto FC,35.92876712,1989,11,16,3,1,0,0,17.7,0.29,+1.7,+0.16,40,139,28.8,248,44,38.7,35,93,46.2,38.9,146,5,3.4,5,0.45,11.6
28,Kim Joonhong,kr KOR,GK,D.C. United,21.92054795,2003,7,17,2,0,3,0,15.6,0.38,-1.4,-0.2,51,118,43.2,174,26,51.1,40.3,50,58,48.1,75,5,6.7,13,1.86,19
29,Kristijan Kahlina,hr CRO,GK,Charlotte,32.78082192,1992,11,12,3,0,0,0,14.7,0.22,+2.7,+0.25,37,96,38.5,305,55,22,27.8,59,49.2,41.4,166,6,3.6,9,0.82,13.2
30,Hugo Lloris,fr FRA,GK,LAFC,38.35616438,1986,10,11,1,0,1,1,9.8,0.32,-0.2,-0.02,49,116,42.2,222,37,40.5,35.6,56,46.4,37.4,135,5,3.7,9,0.9,14.3
31,Benjamin Lundt,de GER,GK,St. Louis,29.6109589,1995,8,12,1,0,2,0,12.8,0.28,+0.8,+0.10,45,101,44.6,186,38,33.3,34.1,72,54.2,42.4,123,5,4.1,5,0.63,12.6
32,AJ Marcucci,us USA,GK,NY Red Bulls,25.76164384,1999,1,1,0,0,0,0,0.7,0.35,-0.3,-0.31,4,16,25,27,3,48.1,39.6,4,75,57.3,8,1,12.5,2,2,22
33,Jimmy Maurer,us USA,GK,Houston Dynamo,36.55616438,1988,1.3,1,0,0,0,0,0.8,0.17,-0.2,-0.12,6,20,30,36,4,38.9,33.3,6,100,61.8,16,1,6.3,1,0.75,14.5
34,John McCarthy,us USA,GK,LA Galaxy,32.83561644,1992,8,14,3,1,1,1,12.3,0.27,-0.7,-0.09,17,83,20.5,183,37,36.1,33.9,34,50,40.3,95,5,5.3,2,0.25,9.8
35,Novak Mićović,rs SRB,GK,LA Galaxy,23.5260274,2001,3,7,0,0,1,0,7.6,0.51,+0.6,+0.21,7,33,21.2,111,12,27.9,28.1,20,10,24.8,40,4,10,4,1.33,12.4
36,Javier Otero,ve VEN,GK,Orlando City,22.46027397,2002,1,1,0,0,0,0,1.7,0.29,+0.7,+0.75,3,6,50,17,8,29.4,29.6,8,12.5,20.1,25,4,16,1,1,9.1
37,Maarten Paes,id IDN,GK,FC Dallas,26.97534247,1998,10,19,3,0,1,0,17.3,0.31,-1.7,-0.17,53,108,49.1,226,29,35.4,33.3,54,51.9,41.7,158,2,1.3,7,0.7,14.7
38,James Pantemis,ca CAN,GK,Portland Timbers,28.2,1997,9,11,2,2,0,0,13,0.21,+2.0,+0.22,42,103,40.8,278,33,29.5,31.8,66,31.8,32.7,140,5,3.6,10,1.11,13.3
39,John Pulskamp,us USA,GK,Sporting KC,24.04383562,2001,11,21,2,0,4,1,19.7,0.39,-0.3,-0.03,43,188,22.9,242,36,51.7,39.2,85,74.1,55.5,135,7,5.2,10,0.91,13.2
40,Andrew Rick,us USA,GK,Philadelphia Union,19.26027397,2006,2,1,0,0,0,0,1.3,0.45,+0.3,+0.17,14,26,53.8,28,6,46.4,35.4,17,76.5,51,17,0,0,3,1.5,22.6
41,Rocco Ríos Novo,ar ARG,GK,Inter Miami,22.91780822,2002,1.6,1,0,0,0,0,1.3,0.32,+0.3,+0.19,8,13,61.5,39,5,17.9,28.3,10,60,44.6,35,0,0,0,0,8.8
42,Patrick Schulte,us USA,GK,Columbus Crew,24.14520548,2001,10,10,1,0,1,0,12.7,0.35,+2.7,+0.27,30,96,31.3,344,49,22.4,27.1,57,33.3,31.9,93,2,2.2,15,1.5,17.2
43,Jonathan Sirois,ca CAN,GK,CF Montréal,23.85479452,2001,10,15,0,0,3,0,15.1,0.3,+0.1,+0.01,31,78,39.7,339,51,18,26.4,48,35.4,29.9,90,8,8.9,12,1.2,14.2
44,Alec Smir,us USA,GK,Minnesota Utd,26.06027397,1999,1,2,0,0,0,0,1.2,0.35,-0.8,-0.78,5,15,33.3,18,2,66.7,46.1,4,75,50.8,10,0,0,2,2,22
45,Dayne St. Clair,ca CAN,GK,Minnesota Utd,27.9890411,1997,10,8,0,0,0,1,10.1,0.3,+3.1,+0.31,55,181,30.4,248,28,60.1,43,64,50,42.3,167,5,3,3,0.3,11.4
46,Zack Steffen,us USA,GK,Colorado Rapids,30.09041096,1995,9,12,0,0,1,0,15,0.34,+3.0,+0.33,45,155,29,236,43,48.7,39.9,62,64.5,52.3,145,5,3.4,8,0.89,15.5
47,Brad Stuver,us USA,GK,Austin,34.05205479,1991,11,13,0,1,1,1,11.4,0.22,-0.6,-0.06,62,160,38.8,317,39,36,33.2,68,67.6,48,176,14,8,9,0.82,11.2
48,Yohei Takaoka,jp JPN,GK,Vancouver W'caps,29.1369863,1996,11,8,1,0,0,0,9.1,0.32,+1.1,+0.10,33,100,33,317,35,22.7,30,51,54.9,48.2,144,7,4.9,24,2.18,16.9
49,Andrew Tarbell,us USA,GK,Houston Dynamo,31.57534247,1993,3.4,7,0,0,0,0,6.1,0.41,-0.9,-0.27,12,33,36.4,84,15,32.1,30.9,13,46.2,40.2,31,1,3.2,4,1.18,20.3
50,Andrew Thomas,ru RUS,GK,Seattle Sounders,26.6739726,1998,1,2,0,0,1,0,0.9,0.46,-1.1,-1.08,0,5,0,12,2,33.3,36,4,25,28.5,7,2,28.6,0,0,8.9
51,Óscar Ustari,ar ARG,GK,Inter Miami,38.83835616,1986,6.4,5,0,0,1,0,6.2,0.25,+1.2,+0.19,25,51,49,240,38,17.9,27.4,27,29.6,31,74,4,5.4,20,3.15,20.9
52,Joe Willis,us USA,GK,Nashville SC,36.73424658,1988,11,14,2,1,2,0,14.8,0.27,+0.8,+0.08,41,89,46.1,338,63,23.1,28.3,40,27.5,29.4,128,10,7.8,8,0.73,12.1
1,Nordin Bakker,nl NED,GK,Almere City,27.50958904,1997,31,59,0,0,6,4,49,0.31,-6,-0.19,225,753,29.9,905,117,61.1,44.8,232,86.2,61.6,498,40,8,64,2.06,14.2
2,Vasilios Barkas,gr GRE,GK,Utrecht,30.93150685,1994,29,41,3,0,4,1,39.7,0.29,-0.3,-0.01,145,397,36.5,812,107,34.5,33.5,183,63.9,47.7,393,29,7.4,28,0.97,12.5
3,Walter Benítez,ar ARG,GK,PSV Eindhoven,32.29041096,1993,30.5,35,2,1,4,0,32.3,0.33,-2.7,-0.09,120,264,45.5,1069,113,20.2,27.3,130,36.9,36.3,286,16,5.6,45,1.48,16.4
4,Daniel Bielica,pl POL,GK,NAC Breda,26.01369863,1999,30,50,6,0,5,1,48.4,0.28,-0.6,-0.02,175,385,45.5,797,130,31.7,32.5,254,52,41.2,490,22,4.5,25,0.83,13.6
5,Justin Bijlow,nl NED,GK,Feyenoord,27.28219178,1998,4,8,0,0,2,0,6,0.37,-2,-0.51,12,30,40,205,16,12.7,25,21,19,28.9,26,2,7.7,6,1.5,18.1
6,Mattijs Branderhorst,nl NED,GK,Fortuna Sittard,31.34246575,1993,25,38,2,1,6,0,38,0.31,0,0,130,460,28.3,540,112,60.2,44.3,202,66.8,47.7,399,52,13,20,0.8,11.5
7,Michael Brouwer,nl NED,GK,Utrecht,32.28493151,1993,2,1,1,0,0,0,2.6,0.23,+1.6,+0.78,14,45,31.1,51,3,58.8,42.7,21,71.4,54.3,36,0,0,4,2,16.6
8,Jari De Busser,be BEL,GK,Go Ahead Eag,25.5369863,1999,14,22,1,0,3,1,19.1,0.24,-1.9,-0.14,53,192,27.6,567,72,28.4,31.7,70,44.3,42.2,272,12,4.4,15,1.07,12.3
9,Mickey van der Hart,nl NED,GK,Heerenveen,30.89315068,1994,18,33,3,0,8,1,35,0.33,+3.0,+0.17,75,228,32.9,755,74,27.7,29.7,53,35.8,35.9,204,10,4.9,30,1.67,16.8
10,Thomas Didillon,fr FRA,GK,Willem II,29.43287671,1995,31,51,5,0,5,3,53.9,0.31,+5.9,+0.19,217,577,37.6,827,118,47.8,38.2,253,71.9,52.1,572,34,5.9,9,0.29,9.2
11,Joel Drommel,nl NED,GK,PSV Eindhoven,28.46575342,1996,0.5,0,0,0,0,0,0,,0,0,5,11,45.5,21,1,42.9,38.3,5,40,43.8,6,0,0,0,0,
12,Stijn van Gassel,nl NED,GK,NEC Nijmegen,28.54520548,1996,2,4,1,0,0,0,4.5,0.25,+0.5,+0.27,4,36,11.1,60,17,36.7,35.9,22,63.6,50.9,51,2,3.9,3,1.5,12.6
13,Mike Hauptmeijer,nl NED,GK,Zwolle,28.13150685,1997,4,6,0,0,0,0,5.2,0.33,-0.8,-0.2,24,67,35.8,112,21,38.4,32.1,33,72.7,47.7,80,7,8.8,1,0.25,9.3
14,Jeroen Houwen,nl NED,GK,RKC Waalwijk,29.20821918,1996,24,48,2,0,6,2,45.4,0.33,-0.6,-0.03,178,433,41.1,735,95,44.4,37.3,191,56,45.4,380,17,4.5,21,0.88,12.1
15,Hidde Jurjus,nl NED,GK,Groningen,31.23287671,1994,1,1,0,0,0,0,0.3,0.11,-0.7,-0.66,3,14,21.4,44,3,29.5,31.5,3,33.3,42,13,0,0,6,6,32.7
16,Fabian de Keijzer,nl NED,GK,Heracles Almelo,24.98630137,2000,31,56,6,1,7,4,51.4,0.29,-0.6,-0.02,230,638,36.1,966,78,51.3,41.3,226,62.8,51.9,469,11,2.3,19,0.61,12.7
17,Joey Kesting,nl NED,GK,RKC Waalwijk,24.16164384,2001,3,5,3,0,0,0,5.1,0.21,+0.1,+0.04,25,53,47.2,86,7,48.8,38,17,64.7,47.2,51,0,0,2,0.67,10.8
18,Luuk Koopmans,nl NED,GK,Fortuna Sittard,31.46027397,1993,6,15,1,1,2,0,13.2,0.34,-1.8,-0.3,48,141,34,130,12,72.3,48.9,54,87,60.9,103,4,3.9,0,0,9.6
19,Roy Kortsmit,nl NED,GK,NAC Breda,32.69041096,1992,1,3,1,0,0,0,2.9,0.53,-0.1,-0.12,12,25,48,27,1,85.2,55.4,3,66.7,54,12,2,16.7,2,2,13.2
20,Matheus,br BRA,GK,Ajax,32.79452055,1992,9,9,0,0,1,0,7.4,0.32,-1.6,-0.17,38,110,34.5,345,54,25.5,29.2,51,43.1,36.6,105,17,16.2,10,1.11,13.4
21,Andries Noppert,nl NED,GK,Heerenveen,31.07671233,1994,13,20,1,0,2,1,18.6,0.32,-0.4,-0.03,57,195,29.2,468,49,30.8,31.1,81,63,47.4,162,11,6.8,20,1.54,15.4
22,Nick Olij,nl NED,GK,Sparta R'dam,29.75890411,1995,31,39,4,0,6,2,38.2,0.28,+1.2,+0.04,217,476,45.6,1226,132,33,33,132,53.8,44.8,497,38,7.6,23,0.74,12.7
23,Yanick van Osch,nl NED,GK,RKC Waalwijk,28.11506849,1997,3,9,1,1,3,0,9.9,0.36,+0.9,+0.31,26,65,40,103,11,37.9,35.8,35,74.3,54.5,83,3,3.6,2,0.67,11.2
24,Rome-Jayden Owusu-Oduro,nl NED,GK,AZ Alkmaar,20.84109589,2004,25,31,1,0,3,1,25.6,0.33,-4.4,-0.18,108,327,33,635,71,41.6,37.2,106,59.4,49.3,290,22,7.6,14,0.56,14
25,Remko Pasveer,nl NED,GK,Ajax,41.48767123,1983,21,18,0,0,2,1,22.3,0.3,+5.3,+0.25,122,267,45.7,806,94,29.8,29.6,95,28.4,31.3,249,23,9.2,22,1.05,13.2
26,Luca Plogmann,de GER,GK,Go Ahead Eag,25.15342466,2000,17,27,2,0,3,0,21,0.27,-6,-0.35,50,191,26.2,600,68,26.8,31.2,88,34.1,35,295,12,4.1,11,0.65,11.1
27,Diant Ramaj,de GER,GK,Ajax,23.62465753,2001,1,0,0,0,0,0,0.2,0.11,+0.2,+0.22,1,10,10,47,3,21.3,28.2,5,0,21.4,5,0,0,1,1,16
28,Robin Roefs,nl NED,GK,NEC Nijmegen,22.29589041,2003,29,41,1,3,7,4,45.5,0.33,+8.5,+0.29,158,491,32.2,953,117,40.9,36.1,180,56.1,47.2,407,39,9.6,40,1.38,14
29,Jasper Schendelaar,nl NED,GK,Zwolle,24.67123288,2000,27,43,3,0,8,1,47.4,0.34,+5.4,+0.20,144,476,30.3,885,142,41.5,35.8,167,65.3,52.5,444,33,7.4,21,0.78,12.1
30,Mark Spenkelink,nl NED,GK,RKC Waalwijk,28.26849315,1997,1,6,1,0,1,0,4.4,0.3,-1.6,-1.62,4,12,33.3,47,4,25.5,28.1,0,,,14,0,0,1,1,9
31,Przemysław Tytoń,pl POL,GK,Twente,38.33150685,1987,2,8,0,0,1,0,5.9,0.37,-2.1,-1.07,10,23,43.5,60,12,28.3,28.4,15,40,33.4,19,1,5.3,3,1.5,17.4
32,Lars Unnerstall,de GER,GK,Twente,34.79178082,1990,29,36,2,0,3,0,34.1,0.35,-1.9,-0.07,101,307,32.9,831,139,30.6,30.9,168,31.5,33,373,22,5.9,35,1.21,13.5
33,Etienne Vaessen,sr SUR,GK,Groningen,29.77534247,1995,30,45,5,0,3,2,46,0.33,+3.0,+0.10,227,675,33.6,1012,98,51.7,40.5,183,83.1,59.6,426,40,9.4,37,1.23,13.5
34,Timon Wellenreuther,de GER,GK,Feyenoord,29.41917808,1995,27,25,1,0,3,0,29.6,0.32,+4.6,+0.17,116,290,40,1054,117,24.1,30.4,80,45,40.5,249,14,5.6,71,2.63,18
35,Jeroen Zoet,nl NED,GK,AZ Alkmaar,34.3260274,1991,6,3,0,0,0,1,1.5,0.13,-0.5,-0.08,37,117,31.6,180,12,50.6,39,45,57.8,47,65,4,6.2,4,0.67,12.9
1,Adrián,es ESP,GK,Betis,38.33150685,1987,14,18,1,0,4,0,15.5,0.31,-2.5,-0.18,38,132,28.8,377,66,27.9,31,68,39.7,37.2,190,11,5.8,9,0.64,11.3
2,Julen Agirrezabala,es ESP,GK,Athletic Club,24.35342466,2000,13.4,9,1,2,1,0,10.5,0.27,+1.5,+0.11,57,178,32,341,51,37.5,33.9,66,75.8,54.9,143,20,14,17,1.27,14.2
3,Ben Alexander Voll,de GER,"GK,MF",St. Pauli,24.4,2000,0,0,0,0,0,0,0,,0,0,0,1,0,1,0,100,43,0,,,0,0,,0,0,
4,Alisson,br BRA,GK,Liverpool,32.58630137,1992,23.9,20,0,0,2,1,19.2,0.27,+0.2,+0.01,56,162,34.6,691,96,19.7,26.5,65,40,33.9,225,10,4.4,43,1.8,15.7
5,Alphonse Areola,fr FRA,GK,West Ham,32.18082192,1993,22.1,38,0,0,5,3,31.2,0.31,-3.8,-0.17,125,336,37.2,693,108,33.8,31.8,176,58,43,343,12,3.5,27,1.22,14.8
6,Kepa Arrizabalaga,es ESP,GK,Bournemouth,30.58356164,1994,28,35,4,0,4,0,38.2,0.28,+3.2,+0.12,126,349,36.1,746,109,35.1,33.6,183,47.5,39.2,349,19,5.4,51,1.82,16
7,Noah Atubolu,de GER,GK,Freiburg,22.94246575,2002,23.6,33,0,1,3,0,33.6,0.3,+0.6,+0.03,141,369,38.2,956,105,31,32.5,111,65.8,50.3,346,30,8.7,27,1.14,12.8
8,Emil Audero,id IDN,GK,Como,28.29041096,1997,8,18,4,0,2,0,12.4,0.27,-5.6,-0.7,17,55,30.9,232,30,22,28.6,21,19,27.5,95,5,5.3,8,1,12.9
9,Brandon Austin,eng ENG,GK,Tottenham,26.31780822,1999,1,2,0,0,0,0,2.2,0.55,+0.2,+0.20,3,11,27.3,26,5,38.5,32.3,6,16.7,29,15,5,33.3,2,2,12.4
10,Augusto Batalla,ar ARG,GK,Rayo Vallecano,29.0109589,1996,28,36,4,0,6,1,35,0.25,0,0,160,468,34.2,865,114,42.2,38.1,167,61.7,50.2,399,28,7,30,1.07,14.1
11,Oliver Baumann,de GER,GK,Hoffenheim,34.92054795,1990,26,47,2,0,6,1,48.2,0.36,+2.2,+0.08,154,418,36.8,858,116,38.9,35.4,126,66.7,49.5,383,17,4.4,30,1.15,14.6
12,Altay Bayındır,tr TUR,GK,Manchester Utd,27.05479452,1998,1,4,0,0,0,0,3.8,0.63,-0.2,-0.19,5,29,17.2,51,4,39.2,37.2,10,90,60.5,17,2,11.8,0,0,9.6
13,Daniel Bentley,eng ENG,GK,Wolves,31.80821918,1993,1,0,0,0,0,0,0.1,0.04,+0.1,+0.09,4,16,25,24,0,41.7,33.3,10,60,46.3,22,0,0,0,0,7.7
14,Dimitry Bertaud,cd COD,GK,Montpellier,26.90958904,1998,3,8,1,0,0,0,6.3,0.36,-1.7,-0.56,18,42,42.9,66,14,42.4,36.5,25,56,44.8,43,8,18.6,2,0.67,12.8
15,Marco Bizot,nl NED,GK,Brest,34.15068493,1991,29,48,7,1,4,1,39.9,0.29,-7.1,-0.24,199,480,41.5,799,115,43.7,36.6,192,68.2,50.5,421,31,7.4,41,1.41,15.7
16,Jean Butez,fr FRA,GK,Como,29.90410959,1995,17,18,2,0,1,0,18,0.27,0,0,86,223,38.6,653,84,31.1,32.3,36,55.6,45.7,174,19,10.9,46,2.71,18.3
17,Marcin Bułka,pl POL,GK,Nice,25.58082192,1999,32,39,2,0,4,1,41.6,0.26,+3.6,+0.11,111,268,41.4,904,167,23.5,28.7,148,37.8,33.2,450,35,7.8,31,0.97,12.7
18,Elia Caprile,it ITA,GK,Cagliari,23.69041096,2001,16,19,1,0,4,0,21.5,0.35,+2.5,+0.16,113,295,38.3,495,87,44,36.8,139,55.4,44.2,244,18,7.4,18,1.13,14.6
19,Elia Caprile,it ITA,GK,Napoli,23.69041096,2001,3.6,1,0,0,0,0,2.2,0.27,+1.2,+0.32,11,25,44,82,9,25.6,31.7,15,26.7,30.7,31,3,9.7,3,0.83,13.7
20,Cárdenas,es ESP,GK,Rayo Vallecano,28.10136986,1997,6,6,0,0,0,0,5.6,0.29,-0.4,-0.06,26,106,24.5,132,21,56.8,44.3,46,67.4,51.9,79,2,2.5,1,0.17,10.2
21,Tiago Cardoso,lu LUX,GK,Gladbach,19.0739726,2006,4.2,3,0,0,0,0,4.7,0.2,+1.7,+0.39,23,62,37.1,148,22,27,29.2,31,71,48.9,96,14,14.6,1,0.24,5.6
22,Patrik Carlgren,se SWE,GK,Nantes,33.31780822,1992,4.6,7,0,0,1,0,8.5,0.3,+1.5,+0.31,22,63,34.9,99,27,36.4,34.4,37,73,48.6,80,1,1.3,1,0.22,10.9
23,Marco Carnesecchi,it ITA,GK,Atalanta,24.84109589,2000,31,30,2,0,3,2,30.9,0.29,+2.9,+0.09,114,347,32.9,809,159,28.3,32.4,179,65.9,49.3,280,20,7.1,40,1.29,14.4
24,Lucas Chevalier,fr FRA,GK,Lille,23.49041096,2001,31,32,4,0,4,1,38.7,0.33,+7.7,+0.25,106,272,39,886,129,26.6,29.9,104,34.6,36,341,20,5.9,20,0.65,13.4
25,Leandro Chichizola,ar ARG,GK,Parma,35.10410959,1990,1,3,0,0,0,0,2.5,0.43,-0.5,-0.54,3,16,18.8,41,5,31.7,33.9,8,37.5,34.4,21,2,9.5,2,2,16.3
26,Jasper Cillessen,nl NED,GK,Las Palmas,36.03287671,1989,25.9,42,4,0,4,2,44.3,0.3,+4.3,+0.16,124,409,30.3,820,142,39.5,34.5,179,47.5,43.1,413,13,3.1,20,0.77,14.5
27,Diego Conde,es ESP,GK,Villarreal,26.51506849,1998,20.8,31,3,1,6,1,24.1,0.25,-5.9,-0.29,60,159,37.7,509,105,23.4,28.5,96,41.7,37.7,309,18,5.8,14,0.67,11.6
28,Grégoire Coudert,fr FRA,GK,Brest,26.08493151,1999,2,5,0,0,1,1,2.8,0.22,-1.2,-0.6,6,20,30,60,7,28.3,31.4,8,37.5,36.5,30,1,3.3,3,1.5,18.5
29,Thibaut Courtois,be BEL,GK,Real Madrid,32.98082192,1992,27,22,3,0,4,1,22.9,0.26,+1.9,+0.07,51,187,27.3,806,153,17.6,27.8,131,34.4,38.4,325,13,4,14,0.52,11
30,Finn Dahmen,de GER,GK,Augsburg,27.10410959,1998,16,10,1,0,1,2,16.7,0.26,+8.7,+0.54,120,303,39.6,531,41,40.1,35.2,124,72.6,53.2,304,8,2.6,22,1.38,14.7
31,Thomas Dähne,de GER,GK,Holstein Kiel,31.32876712,1994,6,13,1,1,1,1,12,0.3,0,+0.01,32,93,34.4,201,36,29.9,32.1,60,55,43.2,105,9,8.6,4,0.67,9.4
32,Théo De Percin,mq MTQ,GK,Auxerre,24.24931507,2001,2,3,1,0,0,0,3.5,0.22,+0.5,+0.23,8,31,25.8,46,5,45.7,40.3,12,83.3,55.3,38,3,7.9,3,1.5,13.1
33,Rémy Descamps,fr FRA,GK,Lyon,28.85753425,1996,1,2,0,0,0,0,1.4,0.23,-0.6,-0.62,1,4,25,28,2,14.3,27.5,2,0,16,7,0,0,0,0,7
34,Arthur Desmas,fr FRA,GK,Le Havre,31.0739726,1994,18,38,2,1,4,0,38.7,0.4,+0.7,+0.04,56,151,37.1,404,72,28.5,30.9,117,30.8,29.6,277,12,4.3,7,0.39,11.9
35,Michele Di Gregorio,it ITA,GK,Juventus,27.76986301,1997,29,28,5,0,6,0,24,0.23,-4,-0.14,108,278,38.8,750,110,28.3,30.8,129,51.2,42.1,396,25,6.3,26,0.9,13.1
36,Stole Dimitrievski,mk MKD,GK,Valencia,31.35616438,1993,4,6,1,0,0,0,4.5,0.29,-1.5,-0.38,15,72,20.8,113,25,49.6,40.5,20,80,53.6,51,3,5.9,16,4,25.7
37,Yehvann Diouf,fr FRA,GK,Reims,25.4630137,1999,32,43,3,1,7,0,58.6,0.34,+15.6,+0.49,143,447,32,951,147,33.6,33.1,209,60.8,44.7,530,30,5.7,38,1.19,14.1
38,Marko Dmitrović,rs SRB,GK,Leganés,33.2739726,1992,27,42,7,1,6,2,42.1,0.29,+2.1,+0.08,162,656,24.7,632,93,65.7,47.4,263,91.6,66.3,506,39,7.7,41,1.52,14
39,Álex Domínguez,es ESP,GK,Toulouse,26.76164384,1998,0.2,0,0,0,0,0,0,0,0,0,2,5,40,8,1,25,30,3,100,69.3,7,0,0,0,0,
40,Gianluigi Donnarumma,it ITA,GK,Paris S-G,26.18630137,1999,22.2,24,1,1,4,0,21.2,0.29,-2.8,-0.13,33,99,33.3,524,89,13.9,25.2,86,30.2,28.4,191,10,5.2,14,0.63,13.6
41,Patrick Drewes,de GER,GK,Bochum,32.24383562,1993,21,46,3,2,4,0,42.3,0.38,-3.7,-0.18,218,484,45,681,65,50.1,37.6,177,80.8,52.6,285,12,4.2,33,1.57,15.8
42,Martin Dúbravka,sk SVK,GK,Newcastle Utd,36.29863014,1989,10,12,0,0,1,0,12.9,0.32,+0.9,+0.09,18,80,22.5,273,54,15.8,25.2,59,62.7,45.4,127,10,7.9,11,1.1,15.3
43,Ederson,br BRA,GK,Manchester City,31.71232877,1993,22.8,25,2,0,3,1,27.8,0.37,+3.8,+0.17,65,146,44.5,761,91,17.2,27.7,67,22.4,32,200,11,5.5,42,1.84,17.5
44,Łukasz Fabiański,pl POL,GK,West Ham,40.04383562,1985,11.9,20,3,1,3,0,22.3,0.3,+2.3,+0.19,69,205,33.7,359,52,41.5,35.4,94,59.6,44.4,198,7,3.5,11,0.93,13.7
45,Wladimiro Falcone,it ITA,GK,Lecce,30.06027397,1995,35,57,8,3,5,3,50.7,0.26,-3.3,-0.09,200,587,34.1,932,113,50.5,38.4,166,69.9,49.2,509,25,4.9,18,0.51,11
46,Frank Feller,de GER,GK,Heidenheim,21.32054795,2004,0.3,0,0,0,0,0,0.1,0.09,+0.1,+0.26,2,9,22.2,11,5,45.5,45.1,4,100,65.8,12,1,8.3,1,2.9,17.5
47,Aitor Fernández,es ESP,GK,Osasuna,34.00273973,1991,1,0,0,0,0,0,1.2,0.23,+1.2,+1.15,19,35,54.3,34,4,70.6,44.4,11,100,59.9,14,1,7.1,1,1,10.6
48,Álvaro Fernández,es ESP,GK,Sevilla,27.05753425,1998,7.3,12,2,0,1,0,8.4,0.22,-3.6,-0.49,37,138,26.8,254,24,42.1,35.1,38,81.6,54.5,97,5,5.2,14,1.92,17.5
49,André Ferreira,pt POR,GK,Valladolid,28.93150685,1996,5,18,3,0,1,0,13.4,0.33,-4.6,-0.92,23,69,33.3,120,23,38.3,34.3,43,53.5,41.2,69,2,2.9,3,0.6,10
50,Mark Flekken,nl NED,GK,Brentford,31.89041096,1993,32.4,48,1,0,2,2,48.3,0.27,+2.3,+0.07,232,600,38.7,1364,112,34.2,34.6,190,70.5,53.6,536,44,8.2,32,0.99,11.4
51,Yahia Fofana,ci CIV,GK,Angers,24.70136986,2000,31,50,3,0,7,0,62.3,0.34,+12.3,+0.40,140,408,34.3,703,172,38.5,35.7,244,56.1,43.6,495,45,9.1,19,0.61,10.9
52,Fraser Forster,eng ENG,GK,Tottenham,37.13150685,1988,7,15,2,0,1,0,16.5,0.36,+1.5,+0.21,11,31,35.5,141,30,21.3,27.2,56,1.8,14.6,81,4,4.9,3,0.43,11.1
53,Fran,es ESP,GK,Real Madrid,19.86027397,2005,1,2,0,0,1,0,0.9,0.43,-1.1,-1.14,1,2,50,16,3,12.5,24,4,0,14.8,5,1,20,1,1,12
54,Gauthier Gallon,fr FRA,GK,Rennes,32.03013699,1993,0.5,0,0,0,0,0,0,0,0,0,0,3,0,15,2,13.3,23.8,4,25,26.3,2,0,0,1,2,28
55,Joan García,es ESP,GK,Espanyol,24,2001,33,42,4,2,6,0,50.3,0.28,+8.3,+0.25,160,453,35.3,883,169,37.1,34.7,191,65.4,49.7,601,57,9.5,33,1,11.9
56,Paulo Gazzaniga,ar ARG,GK,Girona,33.33424658,1992,32.5,50,2,1,5,1,43.1,0.3,-5.9,-0.18,78,258,30.2,959,128,20.6,29.1,160,37.5,37.6,377,31,8.2,28,0.86,12.7
57,David de Gea,es ESP,GK,Fiorentina,34.48767123,1990,31,31,1,0,1,1,31.9,0.25,+1.9,+0.06,198,450,44,787,116,40.8,35.9,221,58.4,46,441,13,2.9,28,0.9,14.7
58,Pierluigi Gollini,it ITA,GK,Genoa,30.12876712,1995,7,15,3,0,1,0,12.2,0.29,-2.8,-0.39,33,75,44,198,21,24.7,30.4,52,50,44.4,92,2,2.2,2,0.29,9.6
59,Mathieu Gorgelin,fr FRA,GK,Le Havre,34.74520548,1990,13,27,3,0,3,1,28.8,0.37,+2.8,+0.22,67,155,43.2,352,63,34.7,32.9,80,41.3,35.1,234,16,6.8,7,0.54,11
60,Kamil Grabara,pl POL,GK,Wolfsburg,26.31780822,1999,26.7,47,2,0,9,1,48.3,0.37,+2.3,+0.09,172,477,36.1,916,102,42.1,36.7,138,65.9,51.6,377,12,3.2,14,0.52,12
61,Dominik Greif,sk SVK,GK,Mallorca,28.07671233,1997,27,30,2,0,3,1,25.5,0.27,-3.5,-0.13,169,426,39.7,748,112,42.9,36.7,166,63.3,48.6,449,14,3.1,16,0.59,12.8
62,Vicente Guaita,es ESP,GK,Celta Vigo,38.31232877,1987,29,40,2,0,5,0,33.1,0.31,-6.9,-0.24,55,177,31.1,630,172,17.9,26.9,185,34.6,34.7,358,23,6.4,39,1.34,14
63,Péter Gulácsi,hu HUN,GK,RB Leipzig,34.99452055,1990,27.2,36,2,1,3,0,39.2,0.3,+3.2,+0.12,74,194,38.1,657,131,20.4,28.6,183,32.8,33.9,397,21,5.3,28,1.03,14.8
64,Kjetil Haug,no NOR,GK,Toulouse,26.89315068,1998,5.5,7,0,0,2,0,6.6,0.45,-0.4,-0.06,16,60,26.7,95,13,37.9,34.1,35,68.6,49.1,72,5,6.9,3,0.54,12.1
65,Dean Henderson,eng ENG,GK,Crystal Palace,28.14520548,1997,34,47,1,1,2,3,46.5,0.34,+2.5,+0.07,143,533,26.8,836,102,47,38.4,250,56,44.8,488,26,5.3,37,1.09,14.3
66,Mads Hermansen,dk DEN,GK,Leicester City,24.81369863,2000,26.5,58,3,0,3,3,56.4,0.35,+1.4,+0.05,114,471,24.2,926,133,39.2,34.6,143,75.5,51.5,419,26,6.2,26,0.98,13.1
67,Sergio Herrera,es ESP,GK,Osasuna,31.91232877,1993,33,50,6,1,4,1,51.6,0.29,+2.6,+0.08,243,538,45.2,860,120,42.7,37.6,239,71.5,51.1,456,32,7,76,2.3,19.1
68,Dinko Horkaš,hr CRO,GK,Las Palmas,26.15068493,1999,8.1,14,0,0,0,1,14.6,0.37,+1.6,+0.20,52,121,43,311,29,32.5,32.8,40,50,43.9,95,5,5.3,12,1.49,16.7
69,Timo Horn,de GER,GK,Bochum,31.97808219,1993,11,18,0,0,3,0,15.1,0.35,-2.9,-0.27,109,278,39.2,337,22,62,44.2,78,88.5,60.4,152,4,2.6,14,1.27,14.8
70,Lukáš Hrádecký,fi FIN,GK,Leverkusen,35.44109589,1989,27,32,3,1,2,3,30.1,0.26,+1.1,+0.04,115,279,41.2,713,104,31,31.4,121,47.9,39.8,273,11,4,36,1.33,17
71,Karl Jakob Hein,ee EST,GK,Valladolid,23.05753425,2002,28,63,3,1,4,1,52.8,0.35,-9.2,-0.33,151,415,36.4,862,127,32.7,33.8,207,64.3,51.7,442,33,7.5,33,1.18,14.3
72,Vitezslav Jaros,cz CZE,GK,Liverpool,23.78082192,2001,0.1,0,0,0,0,0,0,0.03,0,+0.25,5,7,71.4,7,2,85.7,50.9,1,100,59,2,0,0,0,0,11
73,Karl-Johan Johnsson,se SWE,GK,Strasbourg,35.2630137,1990,3,6,1,0,0,0,6.7,0.26,+0.7,+0.22,6,22,27.3,122,21,15.6,23.9,7,42.9,39.7,48,2,4.2,3,1,11.1
74,Sam Johnstone,eng ENG,GK,Wolves,32.10958904,1993,7,17,2,0,5,1,13,0.29,-3,-0.43,52,129,40.3,252,28,45.6,36.6,25,56,43.2,104,8,7.7,11,1.57,13.4
75,Jesse Joronen,fi FIN,GK,Venezia,32.12054795,1993,7.8,15,3,0,3,2,12.6,0.26,-0.4,-0.05,20,84,23.8,260,46,28.1,31,41,26.8,34.9,125,6,4.8,5,0.64,9.4
76,Luiz Lúcio Reis Júnior,br BRA,GK,Villarreal,24.30136986,2001,13.2,16,4,1,0,0,15.7,0.25,-0.3,-0.03,50,148,33.8,320,73,32.2,31.4,76,59.2,46.9,199,13,6.5,20,1.52,13.7
77,Filip Jørgensen,dk DEN,GK,Chelsea,23.04931507,2002,6,9,1,0,1,0,9.3,0.3,+0.3,+0.04,7,33,21.2,171,19,18.1,24.1,18,11.1,17.5,53,2,3.8,2,0.33,13.2
78,Caoimhín Kelleher,ie IRL,GK,Liverpool,26.44383562,1998,10,12,0,0,1,0,11.6,0.3,-0.4,-0.04,29,115,25.2,364,49,28.6,29,18,61.1,42.8,113,6,5.3,9,0.9,14
79,Antonín Kinský,cz CZE,GK,Tottenham,22.14246575,2003,4,7,0,0,0,2,4.5,0.28,-0.5,-0.12,12,33,36.4,126,16,23.8,29.1,19,15.8,22.5,75,3,4,4,1,10.1
80,Gregor Kobel,ch SUI,GK,Dortmund,27.40821918,1997,30,45,4,0,5,1,42.5,0.34,-1.5,-0.05,104,316,32.9,1071,117,23.3,28.3,112,58.9,45.3,385,19,4.9,44,1.47,15.5
81,Hervé Koffi,bf BFA,GK,Lens,28.54794521,1996,5,8,2,0,1,0,11.1,0.38,+3.1,+0.61,14,42,33.3,115,22,29.6,33.2,19,42.1,36.4,53,4,7.5,2,0.4,9.4
82,Philipp Köhn,ch SUI,GK,Monaco,27.08767123,1998,17,15,1,0,1,0,13,0.23,-2,-0.12,43,141,30.5,399,64,24.8,29.7,96,43.8,38.6,195,13,6.7,19,1.12,15
83,Matej Kovar,cz CZE,GK,Leverkusen,24.96438356,2000,4,3,0,0,0,0,3.2,0.25,+0.2,+0.05,12,31,38.7,110,12,24.5,29.3,13,30.8,30.4,43,2,4.7,6,1.5,16.9
84,Nediljko Labrović,hr CRO,GK,Augsburg,25.56438356,1999,15,32,3,1,2,0,25.9,0.32,-6.1,-0.4,83,220,37.7,397,72,38.8,35.2,105,62.9,47.4,217,12,5.5,18,1.2,13.3
85,Alban Lafont,fr FRA,GK,Nantes,26.27671233,1999,12,19,3,0,2,2,16.8,0.3,-0.2,-0.02,40,143,28,309,56,34,34.9,57,66.7,51.1,200,16,8,6,0.5,10.6
86,Gautier Larsonneur,fr FRA,GK,Saint-Étienne,28.19178082,1997,31,74,13,0,4,2,68.5,0.29,-3.5,-0.11,128,457,28,924,135,39,34.8,186,52.2,40,475,23,4.8,29,0.94,13.7
87,Nicola Leali,it ITA,GK,Genoa,32.20821918,1993,27,26,3,0,4,2,30.8,0.28,+6.8,+0.25,133,358,37.2,662,107,38.8,33.7,200,50.5,41.5,376,21,5.6,14,0.52,11.1
88,Benjamin Lecomte,fr FRA,GK,Montpellier,34.02191781,1991,27,61,5,0,4,3,52.5,0.31,-5.5,-0.2,172,435,39.5,770,108,43.4,36.4,176,57.4,43.2,386,20,5.2,25,0.93,14.3
89,Bernd Leno,de GER,GK,Fulham,33.16712329,1992,35,47,2,0,5,2,42.5,0.29,-2.5,-0.07,128,343,37.3,1142,153,23.1,29,158,50,41.2,467,20,4.3,28,0.8,13.3
90,Donovan Léon,gf GUF,GK,Auxerre,32.49863014,1992,29,42,5,0,6,2,48.7,0.31,+8.7,+0.30,198,608,32.6,860,151,54.2,42.4,176,80.7,57.9,468,25,5.3,38,1.31,15
91,Anthony Lopes,pt POR,GK,Nantes,34.5890411,1990,14.4,24,4,0,1,1,24.5,0.33,+1.5,+0.11,79,236,33.5,373,45,45,37.5,79,86.1,52.2,269,13,4.8,8,0.56,11.3
92,Pau López,es ESP,GK,Girona,30.3890411,1994,0.5,2,0,0,0,0,1.3,0.44,-0.7,-1.33,4,9,44.4,17,2,35.3,35.8,7,42.9,38.7,17,3,17.6,1,2,9.8
93,Joe Lumley,eng ENG,GK,Southampton,30.21369863,1995,3,7,0,0,1,0,7.7,0.39,+0.7,+0.22,15,50,30,135,14,34.1,30,15,26.7,24,56,2,3.6,7,2.33,18
94,Andriy Lunin,ua UKR,GK,Real Madrid,26.22465753,1999,5,7,0,0,0,0,5.4,0.3,-1.6,-0.33,17,35,48.6,133,25,18.8,26.8,32,31.3,34,51,2,3.9,9,1.8,14.1
95,Mike Maignan,fr FRA,GK,Milan,29.83561644,1995,32.6,36,1,0,2,3,31.9,0.26,-1.1,-0.03,105,275,38.2,1187,151,18,27.9,175,34.9,38.4,391,23,5.9,66,2.02,19.2
96,Radosław Majecki,pl POL,GK,Monaco,25.4630137,1999,15,22,2,1,1,0,21.1,0.31,-0.9,-0.06,27,112,24.1,320,76,26.6,30.5,87,31,32.8,154,14,9.1,18,1.2,14
97,Giorgi Mamardashvili,ge GEO,GK,Valencia,24.59452055,2000,30,45,4,0,4,3,40.2,0.3,-1.8,-0.06,124,406,30.5,724,116,37.4,35.5,205,65.9,50.7,416,24,5.8,38,1.27,15.4
98,Steve Mandanda,fr FRA,GK,Rennes,40.10136986,1985,16.5,23,2,0,2,2,17,0.29,-4,-0.24,61,180,33.9,425,66,33.6,32.8,73,50.7,41.6,175,7,4,21,1.27,15.7
99,Christos Mandas,gr GRE,GK,Lazio,23.62739726,2001,5,3,0,0,0,0,5.1,0.3,+2.1,+0.41,27,81,33.3,184,17,39.1,36.9,18,50,42.8,85,12,14.1,12,2.4,14.8
100,Unai Marrero,es ESP,GK,Real Sociedad,23.56712329,2001,1,1,0,0,0,0,1.1,0.28,+0.1,+0.13,4,10,40,21,5,33.3,31.2,8,37.5,33.5,10,1,10,3,3,23
101,Emiliano Martínez,ar ARG,GK,Aston Villa,32.66849315,1992,33,45,1,1,2,0,44.2,0.33,-0.8,-0.02,150,381,39.4,1117,121,25.6,30.1,163,58.3,45.3,462,49,10.6,33,1,14.2
102,Josep Martinez,es ESP,GK,Inter,26.9369863,1998,4,3,0,0,0,0,3.6,0.34,+0.6,+0.15,17,38,44.7,163,12,20.9,29.1,18,22.2,28.6,55,3,5.5,2,0.5,14.9
103,Alex McCarthy,eng ENG,GK,Southampton,35.41643836,1989,5,13,2,0,1,0,12.6,0.29,-0.4,-0.07,24,52,46.2,132,29,33.3,29.5,23,34.8,30.7,74,8,10.8,0,0,6.5
104,Alex Meret,it ITA,GK,Napoli,28.11780822,1997,30.4,23,1,1,0,1,23.4,0.27,+1.4,+0.05,77,193,39.9,905,103,15.7,27.7,171,29.8,34.5,353,20,5.7,44,1.45,16.3
105,Alexander Meyer,de GER,GK,Dortmund,34.05753425,1991,2,4,0,0,0,0,4,0.36,0,0,8,33,24.2,76,3,35.5,34.8,7,85.7,63.6,24,1,4.2,2,1,14.8
106,Vanja Milinković-Savić,rs SRB,GK,Torino,28.2,1997,34,37,1,1,7,2,45.5,0.27,+10.5,+0.31,206,665,31,1255,172,40.6,37.8,254,61.4,52.2,552,36,6.5,42,1.24,13.4
107,Lorenzo Montipò,it ITA,GK,Hellas Verona,29.2,1996,34,62,2,0,6,1,48.9,0.31,-12.1,-0.36,196,670,29.3,723,90,58.5,43.1,279,88.5,58.8,478,29,6.1,21,0.62,11.2
108,Florian Müller,de GER,GK,Freiburg,27.47123288,1997,7.4,14,2,0,3,1,11.3,0.36,-1.7,-0.23,47,135,34.8,238,27,39.9,35.4,50,80,58.2,92,6,6.5,7,0.95,12.3
109,Kevin Müller,de GER,GK,Heidenheim,34.1369863,1991,31.7,60,5,0,6,0,56.7,0.33,-3.3,-0.1,150,423,35.5,999,149,32,34.1,261,39.5,38.7,442,21,4.8,18,0.57,11.9
110,Marius Müller,de GER,GK,Wolfsburg,31.8109589,1993,5.3,5,0,0,2,0,7.6,0.33,+2.6,+0.49,37,97,38.1,184,29,39.1,36.6,34,73.5,51.4,99,9,9.1,3,0.57,11.7
111,Arijanet Muric,xk KVX,GK,Ipswich Town,26.48767123,1998,18,33,3,0,2,0,31.4,0.29,-1.6,-0.09,76,229,33.2,534,94,29.6,30.3,94,75.5,54.6,249,39,15.7,20,1.11,12.2
112,Juan Musso,ar ARG,GK,Atalanta,30.99452055,1994,1,0,0,0,0,0,0.7,0.19,+0.7,+0.74,4,20,20,19,4,36.8,33.1,14,92.9,56.9,15,0,0,1,1,17.5
113,Juan Musso,ar ARG,GK,Atlético Madrid,30.99452055,1994,1,0,0,0,0,0,0.1,0.08,+0.1,+0.08,0,5,0,17,5,17.6,26.6,11,18.2,24.6,10,1,10,0,0,13.5
114,Neto,br BRA,GK,Bournemouth,35.79178082,1989,2,2,0,0,0,0,4.3,0.35,+2.3,+1.17,9,27,33.3,46,7,43.5,36.8,15,46.7,38.9,30,2,6.7,3,1.5,12.6
115,Manuel Neuer,de GER,GK,Bayern Munich,39.10410959,1986,20,15,1,0,2,0,12.4,0.33,-2.6,-0.13,87,179,48.6,808,71,19.7,27.7,50,40,38.2,144,6,4.2,38,1.9,20
116,Moritz Nicolas,de GER,GK,Gladbach,27.53424658,1997,18.2,25,5,0,1,2,29.9,0.29,+6.9,+0.38,95,199,47.7,734,88,23.3,28.2,60,46.7,39.8,319,18,5.6,14,0.77,12
117,Alexander Nübel,de GER,GK,Stuttgart,28.59178082,1996,32,51,2,1,7,1,43.2,0.32,-6.8,-0.21,154,401,38.4,1131,132,30.9,31.1,115,44.3,39.6,395,19,4.8,57,1.78,17.8
118,Ørjan Nyland,no NOR,GK,Sevilla,34.64657534,1990,25.7,32,3,2,3,1,32.5,0.31,+1.5,+0.06,100,372,26.9,727,90,40.6,36.3,142,54.2,44.5,369,19,5.1,26,1.01,13.8
119,Jan Oblak,si SVN,GK,Atlético Madrid,32.32054795,1993,33,27,5,1,2,2,22.3,0.18,-2.7,-0.08,106,269,39.4,606,165,26.1,31.1,264,42,37.2,453,25,5.5,24,0.73,13.4
120,Maduka Okoye,ng NGA,GK,Udinese,25.68219178,1999,22,33,4,2,3,3,30.9,0.32,+0.9,+0.04,104,251,41.4,685,75,29.8,30.1,80,58.8,46.4,273,14,5.1,16,0.73,12.9
121,Robin Olsen,se SWE,GK,Aston Villa,35.31780822,1990,2,4,0,0,0,0,4.2,0.47,+0.2,+0.10,10,31,32.3,64,1,34.4,32.3,12,75,56.1,32,3,9.4,0,0,8.6
122,Jonas Omlin,ch SUI,GK,Gladbach,31.31232877,1994,8.9,23,2,1,6,0,19.6,0.31,-3.4,-0.38,52,155,33.5,377,31,34,32.6,44,61.4,45.8,137,2,1.5,13,1.46,17.4
123,André Onana,cm CMR,GK,Manchester Utd,29.08767123,1996,33,43,3,1,10,1,43.2,0.31,+1.2,+0.04,109,414,26.3,1114,132,28.8,29.9,140,66.4,47.5,391,21,5.4,22,0.67,11.7
124,Stefan Ortega,de GER,GK,Manchester City,32.49041096,1992,12.2,18,2,1,1,1,16.3,0.31,-0.7,-0.06,40,104,38.5,409,55,21.5,26.7,49,32.7,28.2,133,6,4.5,12,0.98,14.3
125,Jesús Owono,gq EQG,GK,Alavés,24.17534247,2001,5.4,7,1,0,2,0,5.4,0.37,-1.6,-0.29,46,105,43.8,126,12,55.6,43,36,97.2,67.5,66,6,9.1,2,0.37,8.9
126,Daniele Padelli,it ITA,GK,Udinese,39.52328767,1985,1,0,0,0,0,0,0.8,0.26,+0.8,+0.77,3,7,42.9,18,2,33.3,30.5,2,50,32,11,1,9.1,0,0,15
127,Alex Padilla,es ESP,GK,Athletic Club,21.67123288,2003,3.6,6,1,0,1,1,4.8,0.26,-0.2,-0.06,27,78,34.6,98,15,58.2,41.5,22,95.5,64.5,57,2,3.5,3,0.84,13.4
128,Alberto Paleari,it ITA,GK,Torino,32.67945205,1992,1,3,0,0,0,0,2.2,0.32,-0.8,-0.77,8,12,66.7,26,5,34.6,31,6,50,42,12,0,0,5,5,27.3
129,Alex Palmer,eng ENG,GK,Ipswich Town,28.73150685,1996,11,27,1,0,8,2,23.1,0.37,-1.9,-0.17,68,175,38.9,269,41,41.6,35.8,87,72.4,52.6,225,16,7.1,12,1.09,11.7
130,Rui Patrício,pt POR,GK,Atalanta,37.21369863,1988,2,1,0,0,0,0,2.8,0.38,+1.8,+0.92,4,7,57.1,51,9,9.8,24.3,11,18.2,32.3,12,0,0,9,4.5,24.5
131,Iñaki Peña,es ESP,GK,Barcelona,26.17260274,1999,14.5,18,2,0,1,0,16.6,0.29,-1.4,-0.1,21,75,28,511,74,11,25,77,24.7,31.1,135,3,2.2,89,6.13,23.8
132,Daniel Peretz,il ISR,GK,Bayern Munich,24.81643836,2000,3,5,0,0,0,0,4,0.58,-1,-0.32,5,25,20,96,5,25,29.5,7,14.3,29.6,17,0,0,8,2.67,21.2
133,Simone Perilli,it ITA,GK,Hellas Verona,30.32054795,1995,1,1,0,0,0,0,2,0.34,+1.0,+1.04,3,16,18.8,17,2,64.7,48.8,6,83.3,62.2,18,1,5.6,3,3,22.3
134,Mattia Perin,it ITA,GK,Juventus,32.47945205,1992,5,3,0,0,0,0,3.7,0.23,+0.7,+0.14,11,44,25,170,30,22.4,29.4,12,50,40.8,50,3,6,3,0.6,14
135,Lucas Perri,br BRA,GK,Lyon,27.39726027,1997,30,40,3,1,5,0,45.2,0.29,+5.2,+0.17,95,299,31.8,833,170,28.8,30.7,142,41.5,38.4,385,24,6.2,29,0.97,13.9
136,Đorđe Petrović,rs SRB,GK,Strasbourg,25.56986301,1999,29,33,5,0,3,2,41.2,0.26,+10.2,+0.35,115,355,32.4,1364,122,21.7,27.7,102,57.8,46.3,469,37,7.9,43,1.48,15
137,Luca Philipp,de GER,GK,Hoffenheim,24.43013699,2000,6,15,1,0,2,1,12.3,0.34,-1.7,-0.28,30,97,30.9,157,22,51,38.7,36,47.2,40.6,84,3,3.6,4,0.67,12.8
138,Jordan Pickford,eng ENG,GK,Everton,31.15890411,1994,35,43,0,1,6,0,44.6,0.29,+1.6,+0.04,280,735,38.1,1236,156,48.6,39.6,216,62,48.1,499,26,5.2,56,1.6,15.3
139,Semuel Pizzignacco,it ITA,GK,Monza,23.67123288,2001,4.3,7,0,0,0,0,6.1,0.34,-0.9,-0.21,26,54,48.1,114,12,36.8,32.8,28,42.9,39.8,60,0,0,4,0.94,16
140,Nick Pope,eng ENG,GK,Newcastle Utd,33.04109589,1992,24,32,1,0,3,2,30.9,0.28,+0.9,+0.04,64,230,27.8,507,160,27,31.2,161,57.8,44.7,315,36,11.4,51,2.13,14.8
141,Ivan Provedel,it ITA,GK,Lazio,31.13150685,1994,29,42,4,0,3,2,31.5,0.32,-8.5,-0.29,146,374,39,1009,96,30.8,33.3,106,59.4,46.1,366,29,7.9,32,1.1,14.5
142,Ionuț Radu,ro ROU,GK,Venezia,27.93424658,1997,12,11,2,0,1,0,15.3,0.28,+4.3,+0.36,56,234,23.9,391,48,49.6,41,54,74.1,54.5,174,10,5.7,1,0.08,8.2
143,Hákon Rafn Valdimarsson,is ISL,GK,Brentford,23.55616438,2001,1.6,2,0,0,0,1,0.6,0.14,-0.4,-0.26,15,38,39.5,54,7,42.6,34.9,16,93.8,59.3,16,2,12.5,0,0,4.7
144,Arnau Rafús,es ESP,GK,Valladolid,22.01917808,2003,1,2,0,1,0,0,0.5,0.23,-1.5,-1.53,7,15,46.7,38,5,34.2,34.9,5,40,39,14,1,7.1,1,1,11.4
145,Aaron Ramsdale,eng ENG,GK,Southampton,26.97260274,1998,27,62,5,0,9,0,58.9,0.32,-3.1,-0.12,177,530,33.4,931,118,43.5,35.5,168,74.4,54.1,379,22,5.8,17,0.63,11.9
146,Federico Ravaglia,it ITA,GK,Bologna,25.47671233,1999,10.7,11,1,0,1,0,9.6,0.42,-1.4,-0.13,43,128,33.6,404,45,27.2,30.8,41,43.9,40.7,95,11,11.6,7,0.65,12.3
147,David Raya,es ESP,GK,Arsenal,29.63287671,1995,35,31,3,2,7,0,30.2,0.26,-0.8,-0.02,136,430,31.6,1175,161,29,29.4,134,66.4,48.4,368,47,12.8,61,1.74,17.3
148,Pepe Reina,es ESP,GK,Como,42.6739726,1982,10,12,1,0,3,0,9.7,0.26,-2.3,-0.23,39,103,37.9,285,35,33.7,32.2,26,26.9,29.5,131,2,1.5,5,0.5,12.2
149,Álex Remiro,es ESP,GK,Real Sociedad,30.11232877,1995,32,36,5,0,5,0,31.5,0.24,-4.5,-0.14,163,436,37.4,901,96,32.7,33.3,216,65.3,50.4,414,25,6,33,1.03,13.8
150,Guillaume Restes,fr FRA,GK,Toulouse,20.14794521,2005,26.3,33,1,1,2,3,25.6,0.29,-4.4,-0.17,71,255,27.8,614,74,29.5,29.8,126,58.7,42.8,330,5,1.5,26,0.99,16.2
151,Adrian Rodriguez,es ESP,GK,Alavés,24.39178082,2000,1.4,2,1,0,0,0,1.5,0.13,-0.5,-0.36,18,48,37.5,26,0,92.3,56.3,24,100,67.4,33,0,0,0,0,9.8
152,Leo Román,es ESP,GK,Mallorca,24.82739726,2000,6,8,1,0,0,0,11.3,0.29,+3.3,+0.55,38,113,33.6,165,16,51.5,41.3,41,68.3,54.5,86,6,7,5,0.83,11.5
153,Gerónimo Rulli,ar ARG,GK,Marseille,32.95616438,1992,31,43,3,1,4,2,45,0.33,+4.0,+0.13,79,184,42.9,990,124,14.9,24.3,101,35.6,32.9,284,25,8.8,59,1.9,18.8
154,Mathew Ryan,au AUS,GK,Lens,33.07123288,1992,11,15,2,0,0,0,17.5,0.32,+2.5,+0.22,34,104,32.7,277,62,30.3,32.2,40,50,39.1,134,17,12.7,9,0.82,12
155,Frederik Rønnow,dk DEN,GK,Union Berlin,32.74794521,1992,27,34,1,1,1,1,38,0.32,+5.0,+0.19,141,392,36,716,132,37.3,34.6,155,80.6,55.2,473,40,8.5,29,1.07,12.6
156,José Sá,pt POR,GK,Wolves,32.29315068,1993,27,45,4,1,6,2,39.9,0.34,-3.1,-0.12,87,356,24.4,705,104,39.4,35.3,145,53.8,42,411,29,7.1,40,1.48,15.5
157,Matvei Safonov,ru RUS,GK,Paris S-G,26.18630137,1999,9.8,9,2,0,2,1,7.2,0.26,-0.8,-0.08,36,83,43.4,262,46,26.3,29.1,48,29.2,28.8,94,5,5.3,14,1.43,18
158,Brice Samba,fr FRA,GK,Rennes,31.02465753,1994,15,23,0,1,4,0,23.4,0.33,+0.4,+0.03,50,154,32.5,495,59,24.2,29.6,88,38.6,33.8,201,14,7,11,0.73,12.6
159,Brice Samba,fr FRA,GK,Lens,31.02465753,1994,15,14,4,2,3,0,17.5,0.26,+3.5,+0.23,82,163,50.3,435,61,29.7,30.5,76,44.7,36.1,152,17,11.2,22,1.47,16.1
160,Robert Sánchez,es ESP,GK,Chelsea,27.45753425,1997,28,31,4,0,3,0,33.4,0.26,+2.4,+0.09,84,346,24.3,1020,165,31,32.3,70,42.9,38.4,309,39,12.6,51,1.82,14.8
161,Kauã Santos,br BRA,GK,Eint Frankfurt,22.0630137,2003,8.5,12,1,0,4,1,14.3,0.3,+3.3,+0.39,40,116,34.5,248,34,37.1,33.2,44,54.5,42.9,137,16,11.7,18,2.12,14
162,Razvan Sava,ro ROU,GK,Udinese,22.86849315,2002,12,16,3,1,4,2,14.5,0.24,+0.5,+0.04,44,148,29.7,337,26,33.2,32.2,55,65.5,47.5,202,4,2,13,1.08,14.8
163,Alexander Schwolow,de GER,GK,Union Berlin,32.92054795,1992,5,12,1,0,0,0,8.2,0.32,-3.8,-0.75,25,53,47.2,133,23,29.3,29.9,26,53.8,42.3,68,0,0,4,0.8,15
164,Simone Scuffet,it ITA,GK,Cagliari,28.9260274,1996,13,23,5,0,6,0,20.4,0.28,-2.6,-0.2,71,181,39.2,305,50,42,35.5,99,53.5,42.3,189,6,3.2,7,0.54,11.8
165,Simone Scuffet,it ITA,GK,Napoli,28.9260274,1996,1,1,0,0,0,0,1.6,0.4,+0.6,+0.60,3,12,25,35,5,25.7,29.3,9,33.3,32.7,29,1,3.4,0,0,7
166,Jacopo Seghetti,it ITA,GK,Empoli,20.20821918,2005,1,3,0,0,0,0,1.9,0.31,-1.1,-1.12,3,9,33.3,16,5,37.5,33.8,5,60,39,4,0,0,1,1,26
167,Matz Sels,be BEL,GK,Nott'ham Forest,33.18356164,1992,34,41,2,1,4,0,43.9,0.29,+2.9,+0.09,223,645,34.6,638,77,70.7,45.5,249,77.9,54.4,640,17,2.7,8,0.24,8
168,Alen Sherri,al ALB,GK,Cagliari,27.38356164,1997,6,9,0,0,0,0,8.6,0.35,-0.4,-0.07,25,67,37.3,150,20,32.7,30.9,48,37.5,34.4,64,4,6.3,5,0.83,12.5
169,Rui Silva,pt POR,GK,Betis,31.23561644,1994,15,18,3,0,3,1,18.4,0.3,+1.4,+0.10,45,144,31.3,446,70,26,30.8,76,36.8,35.9,194,10,5.2,31,2.07,18.9
170,Marco Silvestri,it ITA,GK,Empoli,34.17260274,1991,5,11,0,0,3,1,8,0.32,-2,-0.41,35,85,41.2,135,16,60.7,41.8,13,23.1,25.2,62,1,1.6,4,0.8,12.6
171,Unai Simón,es ESP,GK,Athletic Club,27.89589041,1997,16,11,0,0,1,0,11.9,0.22,+0.9,+0.06,73,203,36,389,71,32.4,33.1,93,82.8,61.3,201,14,7,23,1.44,15.8
172,Tobias Sippel,de GER,GK,Gladbach,37.11780822,1988,0.7,3,0,0,1,0,1.2,0.3,-1.8,-2.72,9,22,40.9,22,2,45.5,39.2,12,100,69.2,13,0,0,0,0,2
173,Antonio Sivera,es ESP,GK,Alavés,28.72876712,1996,27.2,37,9,2,2,1,36.9,0.3,+0.9,+0.03,255,615,41.5,652,63,70.2,47.1,190,82.6,59.2,369,27,7.3,24,0.88,12.6
174,Łukasz Skorupski,pl POL,GK,Bologna,33.99726027,1991,23.3,26,1,0,1,2,23.9,0.33,-0.1,0,107,293,36.5,879,96,28.1,31.7,87,52.9,45.2,203,15,7.4,20,0.86,12.7
175,Yann Sommer,ch SUI,GK,Inter,36.37808219,1988,31,30,2,0,3,1,28.9,0.24,-0.1,0,90,218,41.3,1106,125,17.6,26.8,119,19.3,28,341,13,3.8,13,0.42,13.1
176,David Soria,es ESP,GK,Getafe,32.08219178,1993,34,31,6,0,4,0,35.1,0.28,+4.1,+0.12,256,703,36.4,644,62,71.3,48.2,271,90,61,420,19,4.5,32,0.94,14.1
177,Juan Soriano,es ESP,GK,Leganés,27.69589041,1997,6,7,0,0,1,1,8.8,0.36,+2.8,+0.47,36,120,30,131,20,56.5,43.9,54,85.2,62.8,130,7,5.4,0,0,8.4
178,Marco Sportiello,it ITA,GK,Milan,32.98356164,1992,1.4,2,0,0,0,0,2.2,0.36,+0.2,+0.12,5,13,38.5,46,8,21.7,27.8,14,21.4,30.6,15,1,6.7,3,2.14,25.5
179,Filip Stankovic,rs SRB,GK,Venezia,23.18630137,2002,15.2,23,4,0,3,1,25.2,0.26,+3.2,+0.21,48,161,29.8,439,51,29.4,31.6,73,43.8,34.3,249,12,4.8,13,0.86,10.8
180,Jason Steele,eng ENG,GK,Brighton,34.70958904,1990,2,1,0,0,0,0,0.5,0.12,-0.5,-0.26,7,16,43.8,110,7,13.6,25.1,2,50,43,22,2,9.1,3,1.5,15.4
181,Jakub Stolarczyk,pl POL,GK,Leicester City,24.37260274,2000,7,12,0,0,1,0,11.3,0.36,-0.7,-0.1,50,127,39.4,225,27,47.1,33.5,34,61.8,45,125,6,4.8,6,0.86,12.2
182,Zion Suzuki,jp JPN,GK,Parma,22.70136986,2002,33.8,49,5,3,4,2,48,0.32,+1.0,+0.03,172,584,29.5,1159,177,39.7,36.9,205,60.5,50.8,573,62,10.8,32,0.95,11.6
183,Mile Svilar,rs SRB,GK,Roma,25.68493151,1999,34,32,4,0,4,1,38.7,0.26,+7.7,+0.23,107,355,30.1,1113,148,23.5,30.1,166,56,45.2,435,29,6.7,29,0.85,13.5
184,Wojciech Szczęsny,pl POL,GK,Barcelona,35.04383562,1990,13,9,0,0,1,0,9.4,0.36,+0.4,+0.03,19,54,35.2,353,54,11.9,24.6,45,26.7,30.7,118,6,5.1,43,3.31,20
185,Marc-André ter Stegen,de GER,GK,Barcelona,33.0109589,1992,6.5,6,1,0,1,0,5.3,0.24,-0.7,-0.11,15,30,50,208,37,12.5,26.8,20,20,32,75,4,5.3,8,1.23,15
186,Pietro Terracciano,it ITA,GK,Fiorentina,35.15616438,1990,3,3,0,0,0,0,3.1,0.24,+0.1,+0.03,8,25,32,78,14,28.2,28.8,11,27.3,26.5,20,1,5,3,1,17
187,Kevin Trapp,de GER,GK,Eint Frankfurt,34.82191781,1990,22.5,30,0,0,6,1,32,0.29,+3.0,+0.13,71,258,27.5,714,111,29.7,28.9,119,38.7,35.6,349,19,5.4,19,0.84,12.9
188,Mark Travers,ie IRL,GK,Bournemouth,25.96164384,1999,5,5,0,1,1,0,9.5,0.38,+4.5,+0.89,33,73,45.2,103,29,41.7,36.3,39,76.9,55.8,63,1,1.6,5,1,12.9
189,Stefano Turati,it ITA,GK,Monza,23.66027397,2001,29.7,52,2,1,8,2,47.4,0.31,-2.6,-0.09,177,442,40,942,126,38.3,33.7,131,61.8,46.9,414,22,5.3,26,0.87,13.3
190,Sven Ulreich,de GER,GK,Bayern Munich,36.75068493,1988,1,0,0,0,0,0,0,,0,0,3,8,37.5,29,4,27.6,28.2,1,0,9,7,1,14.3,1,1,12.3
191,Jonas Urbig,de GER,GK,Bayern Munich,21.7369863,2003,8,12,0,0,2,0,10.3,0.38,-1.7,-0.21,30,79,38,263,33,26.2,30.9,23,43.5,43.1,81,5,6.2,21,2.63,17.4
192,Maarten Vandevoordt,be BEL,GK,RB Leipzig,23.18356164,2002,4.8,9,0,0,4,0,7.3,0.36,-1.7,-0.35,19,52,36.5,139,27,23,29.4,35,57.1,46,78,7,9,11,2.31,16.1
193,Nikola Vasilj,ba BIH,GK,St. Pauli,29.41917808,1995,32,37,1,0,5,1,44.8,0.32,+8.8,+0.27,161,483,33.3,1229,106,34.4,32.8,131,45.8,38.4,405,24,5.9,27,0.84,12.8
194,Devis Vásquez,co COL,GK,Empoli,26.97808219,1998,28,40,1,0,4,0,36.5,0.31,-3.5,-0.12,144,497,29,835,90,49.2,39.4,130,66.2,52.4,456,33,7.2,12,0.43,10.6
195,Bart Verbruggen,nl NED,GK,Brighton,22.70958904,2002,32,54,7,1,4,2,45.7,0.32,-6.3,-0.2,106,327,32.4,1097,108,25.3,29.1,76,65.8,47.7,372,25,6.7,46,1.44,14.2
196,Guglielmo Vicario,it ITA,GK,Tottenham,28.57260274,1996,22,32,0,0,4,2,32.7,0.36,+2.7,+0.12,20,71,28.2,739,115,8.8,22.1,59,10.2,20.6,274,29,10.6,30,1.36,13.3
197,Fran Vieites,es ESP,GK,Betis,25.99178082,1999,4,5,0,0,0,0,4.7,0.42,-0.3,-0.09,12,54,22.2,90,16,40,38,29,62.1,46.4,65,6,9.2,4,1,12.8
198,Iván Villar,es ESP,GK,Celta Vigo,27.81917808,1997,4,9,0,0,3,2,8.2,0.4,+1.2,+0.30,3,22,13.6,82,15,14.6,24,35,28.6,26.9,65,1,1.5,5,1.25,14.8
199,Christian Walton,eng ENG,GK,Ipswich Town,29.48219178,1995,6,16,2,0,0,0,15,0.41,-1,-0.17,38,108,35.2,176,27,45.5,35.2,50,56,43.8,105,11,10.5,1,0.17,7.6
200,Danny Ward,wls WAL,GK,Leicester City,31.86575342,1993,1.5,6,0,0,0,0,2.8,0.28,-3.2,-2.11,10,22,45.5,46,9,37,32,7,71.4,52,11,0,0,2,1.33,20.7
201,Timon Weiner,de GER,GK,Holstein Kiel,26.29041096,1999,25,61,4,2,5,2,47.2,0.32,-11.8,-0.47,167,444,37.6,789,116,40.2,34.5,198,64.1,48.4,491,27,5.5,18,0.72,11.1
202,Robin Zentner,de GER,GK,Mainz 05,30.51506849,1994,31,39,3,2,8,0,43.3,0.3,+4.3,+0.14,171,551,31,956,130,45.7,38.5,177,64.4,51.9,520,45,8.7,57,1.84,13.9
203,Michael Zetterer,de GER,GK,Werder Bremen,29.8109589,1995,32,56,3,2,3,3,48.8,0.32,-4.2,-0.13,122,344,35.5,1123,171,27.8,31.8,101,31.7,35.7,440,34,7.7,30,0.94,13.3
1,Lucas Acosta,ar ARG,GK,Sarmiento,30.14794521,1995,16,19,1,0,2,2,25.1,0.29,+8.1,+0.51,87,240,36.3,338,38,48.5,41.8,125,60.8,47.1,282,13,4.6,17,1.06,15.4
2,Alan Aguerre,ar ARG,GK,Cen. Córdoba–SdE,34.69863014,1990,14,19,2,1,3,1,16.6,0.33,-1.4,-0.1,43,156,27.6,203,29,47.3,38.7,100,60,43.9,157,6,3.8,5,0.36,11.5
3,Ignacio Arce,ar ARG,GK,Deportivo Riestra,33.0739726,1992,16,7,2,0,1,2,12.7,0.21,+7.7,+0.48,176,448,39.3,395,11,82,53.3,142,87.3,62.6,355,36,10.1,24,1.5,13.8
4,Gabriel Arias,cl CHI,GK,Racing Club,37.64109589,1987,11.3,9,0,0,0,0,9.5,0.22,+0.5,+0.04,56,150,37.3,236,45,44.9,38.9,100,44,39.2,146,4,2.7,18,1.59,21
5,Franco Armani,ar ARG,GK,River Plate,38.55068493,1986,16,9,0,0,1,0,14.7,0.29,+5.7,+0.36,47,106,44.3,277,75,27.4,30.3,98,30.6,33.4,160,6,3.8,17,1.06,14.6
6,Williams Barlasina,ar ARG,GK,Aldosivi,26.84931507,1998,4,8,0,1,0,0,6.3,0.39,-1.7,-0.43,13,42,31,66,19,40.9,35.6,33,45.5,37.8,54,4,7.4,1,0.25,13
7,Enrique Bologna,ar ARG,GK,Defensa y Just,43.22191781,1982,16,22,1,1,2,0,22.7,0.29,+0.7,+0.05,118,242,48.8,380,58,47.1,38.7,118,53.4,43.5,265,11,4.2,10,0.63,10.7
8,Matías Borgogno,ar ARG,GK,San Martín de San Juan,26.70410959,1998,16,18,1,2,2,0,18.7,0.29,+0.7,+0.04,123,318,38.7,367,29,58.6,44.2,133,77.4,56.3,227,20,8.8,8,0.5,10.8
9,Leandro Brey,ar ARG,GK,Boca Juniors,22.61917808,2002,2,1,0,0,1,0,1,0.26,0,+0.02,6,20,30,44,10,29.5,31.2,16,43.8,44.9,40,0,0,2,1,16.8
10,Jorge Broun,ar ARG,GK,Rosario Central,38.94246575,1986,14,8,0,0,0,1,8.9,0.2,+1.9,+0.14,78,165,47.3,251,62,39.8,35.7,139,46.8,39.6,246,6,2.4,2,0.14,11.8
11,Javier Burrai,ec ECU,GK,Talleres,34.56986301,1990,1.5,1,0,0,1,0,0.2,0.04,-0.8,-0.55,10,22,45.5,45,4,33.3,32,15,46.7,39.7,34,1,2.9,2,1.33,15.7
12,Facundo Cambeses,ar ARG,GK,Racing Club,28.07123288,1997,4.7,7,0,0,1,0,5.7,0.21,-1.3,-0.28,18,66,27.3,78,13,39.7,37,50,70,53.8,83,1,1.2,3,0.64,15.1
13,Thiago Cardozo,uy URU,GK,Unión,28.76164384,1996,14,16,2,0,4,0,16.5,0.3,+0.5,+0.03,47,136,34.6,248,66,37.1,36.3,98,44.9,41.4,180,7,3.9,6,0.43,12.6
14,Jorge Carranza,ar ARG,GK,Aldosivi,43.99452055,1981,12,20,3,0,1,0,13.9,0.21,-6.1,-0.51,61,146,41.8,223,51,43,38,79,63.3,45.3,199,9,4.5,6,0.5,11.3
15,Ezequiel Centurión,ar ARG,GK,Ind. Rivadavia,27.95890411,1997,16,17,3,0,1,1,18.2,0.23,+2.2,+0.14,90,286,31.5,322,56,50.3,42.1,146,84.9,60.4,299,17,5.7,6,0.38,10.8
16,Juan Cozzani,ar ARG,GK,Platense,26.56986301,1998,16,11,2,0,3,2,16.5,0.27,+7.5,+0.47,84,322,26.1,305,24,70.5,49.7,112,95.5,67.2,249,12,4.8,19,1.19,16.3
17,Tomás Durso,ar ARG,GK,Atlé Tucumán,26.18630137,1999,11,17,1,1,1,1,17.2,0.34,+1.2,+0.11,63,177,35.6,245,46,49.4,41.2,87,64.4,51.4,128,8,6.3,16,1.45,17.3
18,Juan Espínola,py PAR,GK,Belgrano,30.50410959,1994,11,18,1,2,4,0,12,0.27,-6,-0.54,65,204,31.9,289,39,52.2,40.3,71,74.6,58.2,182,13,7.1,8,0.73,12.4
19,Hernán Galíndez,ec ECU,GK,Huracán,38.09863014,1987,16,12,2,1,2,1,14.8,0.28,+3.8,+0.24,72,218,33,345,43,42,39.2,109,67,52.3,225,13,5.8,6,0.38,10.2
20,Orlando Gil,py PAR,GK,San Lorenzo,24.89863014,2000,16,10,0,0,0,1,12,0.24,+3.0,+0.19,84,254,33.1,275,39,58.9,44.8,138,66.7,51.5,238,9,3.8,1,0.06,9.5
21,Juan González,uy URU,GK,Atlé Tucumán,31.81917808,1993,5,4,1,1,1,0,4.7,0.21,+0.7,+0.13,29,73,39.7,119,14,45.4,38.6,36,52.8,43.2,64,5,7.8,6,1.2,17.7
22,Guido Herrera,ar ARG,GK,Talleres,33.17808219,1992,14.5,14,1,0,0,1,14.1,0.3,+1.1,+0.08,84,211,39.8,396,45,46,39.1,73,39.7,39.6,184,11,6,6,0.41,11.3
23,Marcos Ignacio Ledesma,ar ARG,GK,Barracas Central,28.63561644,1996,16,18,0,1,2,2,15.8,0.24,-0.2,-0.01,92,250,36.8,268,57,64.9,46.7,95,80,55.7,291,25,8.6,7,0.44,10.1
24,Luis Ingolotti,ar ARG,GK,Gimnasia–LP,25.30410959,2000,3,7,2,0,0,0,7.1,0.37,+0.1,+0.02,11,31,35.5,55,12,43.6,36.5,21,33.3,36.5,54,1,1.9,0,0,10.5
25,Nelson Insfrán,ar ARG,GK,Gimnasia–LP,29.94794521,1995,13,11,1,0,1,0,14.9,0.26,+3.9,+0.30,76,209,36.4,289,36,52.6,42.8,87,65.5,52,217,13,6,2,0.15,10.8
26,Nahuel Losada,ar ARG,GK,Lanús,32.04931507,1993,15,10,1,1,0,0,14.7,0.25,+4.7,+0.31,61,171,35.7,375,85,34.9,34.4,70,57.1,47.9,225,24,10.7,18,1.2,13.5
27,Matías Mansilla,ar ARG,GK,Estudiantes–LP,29.21643836,1996,16,19,1,0,1,0,16.1,0.28,-2.9,-0.18,67,186,36,274,69,38,35.6,131,62.6,48.6,237,9,3.8,20,1.25,16.8
28,Agustín Marchesín,ar ARG,GK,Boca Juniors,37.1369863,1988,14,10,0,1,1,0,11.5,0.27,+1.5,+0.11,46,118,39,271,59,31.4,31.2,120,27.5,31,198,10,5.1,4,0.29,10.6
29,Tomás Marchiori,ar ARG,GK,Vélez Sarsfield,29.8739726,1995,15,18,0,0,2,1,14.7,0.31,-2.3,-0.16,38,128,29.7,275,50,29.5,32.1,122,38.5,36,180,10,5.6,6,0.4,13.4
30,Diego Matías Rodríguez,ar ARG,GK,Arg Juniors,35.86027397,1989,16,9,0,0,2,1,10,0.23,+2.0,+0.13,97,213,45.5,432,31,37.5,36.6,93,54.8,45.3,177,5,2.8,2,0.13,8.6
31,Lautaro Morales,ar ARG,GK,Lanús,25.38356164,1999,1,1,0,0,0,0,1,0.52,0,+0.04,3,6,50,16,2,31.3,30.3,6,16.7,29.5,7,0,0,0,0,3
32,Keylor Navas,cr CRC,GK,Newell's OB,38.38630137,1986,14,11,0,0,3,1,16.7,0.26,+6.7,+0.48,106,222,47.7,247,48,51,41.1,132,72.7,52.5,272,10,3.7,3,0.21,9.6
33,Franco Petroli,ar ARG,GK,Godoy Cruz,26.89863014,1998,16,18,0,0,3,1,18.2,0.28,+1.2,+0.08,131,323,40.6,471,62,54.8,42.4,101,64.4,51.3,257,27,10.5,16,1,13.5
34,Josue Reinatti,ar ARG,GK,Newell's OB,21.92328767,2003,2,4,1,0,1,0,4.6,0.26,+0.6,+0.30,7,11,63.6,55,20,20,29.4,6,0,18.2,33,3,9.1,1,0.5,11.4
35,Rodrigo Rey,ar ARG,GK,Independiente,34.15890411,1991,16,12,3,0,1,3,14.1,0.26,+5.1,+0.32,85,202,42.1,393,67,42.7,36.4,101,33.7,34.2,200,8,4,4,0.25,10.8
36,Randall Rodríguez,uy URU,GK,Vélez Sarsfield,21.43013699,2003,1,4,1,0,0,0,2.7,0.23,-1.3,-1.28,4,16,25,23,5,56.5,37.7,7,42.9,36,10,1,10,0,0,12.4
37,Manuel Roffo,ar ARG,GK,Instituto,25.08493151,2000,16,20,2,0,1,0,17.8,0.3,-2.2,-0.14,83,207,40.1,310,45,43.9,39.3,113,62.8,49.7,210,15,7.1,10,0.63,13.1
38,Facundo Sanguinetti,ar ARG,GK,Banfield,24.17808219,2001,16,19,3,0,1,0,21.8,0.26,+2.8,+0.17,87,250,34.8,304,46,53.3,42.2,119,73.9,54.8,249,9,3.6,11,0.69,14
39,Matías Tagliamonte,ar ARG,GK,Unión,27.20547945,1998,2,1,0,0,0,0,1.7,0.11,+0.7,+0.35,5,22,22.7,39,10,43.6,37.8,13,38.5,35.1,32,3,9.4,0,0,4.2
40,Manuel Vicentini,ar ARG,GK,Belgrano,35.04383562,1990,5,5,0,0,1,0,7.6,0.39,+2.6,+0.52,25,93,26.9,113,18,57.5,42.8,41,68.3,48.5,107,3,2.8,14,2.8,17.6
41,Axel Werner,ar ARG,GK,Rosario Central,29.18082192,1996,2,0,0,0,0,0,1.5,0.5,+1.5,+0.75,6,19,31.6,28,7,35.7,37.8,15,60,47.2,30,1,3.3,0,0,7
42,Felipe Zenobio,ar ARG,GK,Tigre,24.95342466,2000,16,12,2,0,1,0,14.7,0.25,+2.7,+0.17,66,184,35.9,285,60,48.1,40.8,108,43.5,41.4,243,20,8.2,6,0.38,9.5
43,Juan Zozaya,ar ARG,GK,Cen. Córdoba–SdE,23.89863014,2001,2,3,0,0,1,0,3.9,0.48,+0.9,+0.43,6,14,42.9,28,6,21.4,27.1,12,66.7,54.2,29,0,0,0,0,7.3
1,Andrew,br BRA,GK,Gil Vicente FC,23.84383562,2001,32,45,6,1,11,1,41.9,0.32,-2.1,-0.06,124,346,35.8,932,149,25.4,31.7,270,40.4,39.2,479,35,7.3,33,1.03,13.5
2,Gabriel Batista,br BRA,GK,Santa Clara,26.92054795,1998,32,30,3,1,5,0,27.4,0.22,-2.6,-0.08,157,493,31.8,715,116,47.1,39.3,262,59.5,48.2,434,37,8.5,28,0.88,13
3,Ricardo Batista,pt POR,GK,Casa Pia,38.45753425,1986,1,1,1,0,0,0,0.8,0.02,-0.2,-0.23,1,2,50,31,3,6.5,24.7,3,0,18.7,10,0,0,2,2,14.7
4,Simão Bertelli,br BRA,GK,AVS Futebol,31.92328767,1993,11,15,2,0,1,0,21.1,0.34,+6.1,+0.55,60,154,39,295,45,36.3,35,82,57.3,45,150,8,5.3,8,0.73,13.8
5,Bruno Brigido,br BRA,GK,Estrela,34.15616438,1991,17.5,30,2,1,6,1,27.3,0.33,-1.7,-0.09,66,243,27.2,425,90,36.9,36.3,132,65.2,51,257,9,3.5,15,0.86,13.3
6,Lazar Carević,me MNE,GK,Famalicão,26.1369863,1999,18,21,3,0,1,1,23.3,0.27,+3.3,+0.18,71,183,38.8,429,71,31.5,32.6,97,49.5,39.5,248,6,2.4,18,1,14.6
7,César,br BRA,GK,Boavista,33.26849315,1992,16,30,3,0,3,2,28.6,0.34,+0.6,+0.04,75,219,34.2,251,60,54.6,41.2,125,65.6,46.2,213,18,8.5,10,0.63,12.7
8,Kevin Chamorro,cr CRC,GK,Estoril,25.0739726,2000,3,3,1,0,0,0,3.3,0.3,+0.3,+0.09,9,41,22,61,9,45.9,37.7,13,100,68.5,32,3,9.4,12,4,18.9
9,Diogo Costa,pt POR,GK,Porto,25.62465753,1999,30,26,4,1,4,1,25.7,0.28,+0.7,+0.02,120,282,42.6,1002,131,23.1,29.1,138,37,36.8,281,17,6,47,1.57,18.8
10,João Paulo Santos Costa,pt POR,GK,Estrela,29.25205479,1996,11,10,2,0,2,0,12.9,0.27,+2.9,+0.27,69,185,37.3,240,29,50.8,39.1,87,72.4,52.8,141,2,1.4,9,0.82,15.3
11,Rui Encarnação,pt POR,GK,Nacional,27.08219178,1998,0.5,1,1,0,0,0,1.1,0.05,+0.1,+0.22,3,4,75,6,0,33.3,39.2,2,100,60,7,0,0,0,0,10
12,Daniel Figueira,pt POR,GK,Estoril,26.79178082,1998,1,4,1,0,0,0,2.4,0.23,-1.6,-1.55,2,6,33.3,19,6,21.1,27.2,5,40,26.6,16,1,6.3,0,0,9.4
13,Lucas França,br BRA,GK,Nacional,29.29041096,1996,31.5,43,7,0,7,0,47,0.29,+4.0,+0.13,163,475,34.3,646,106,42,37,302,67.5,48.3,501,33,6.6,23,0.73,11.3
14,João Gonçalves,pt POR,GK,Boavista,24.49589041,2000,4,2,0,0,0,0,3.3,0.41,+1.3,+0.33,31,88,35.2,74,3,70.3,48.7,36,100,64.3,59,1,1.7,1,0.25,14
15,Marko Gudžulić,rs SRB,GK,Estrela,22.83287671,2002,2,3,0,0,1,1,2.5,0.19,+0.5,+0.27,15,48,31.3,54,7,55.6,44.3,19,94.7,61.3,37,4,10.8,1,0.5,9.7
16,Lukáš Horníček,cz CZE,GK,Braga,22.8109589,2002,15,8,1,1,1,0,12.2,0.22,+4.2,+0.28,58,182,31.9,480,77,30.4,31.8,78,46.2,40.1,177,14,7.9,30,2,17.3
17,Franco Israel,uy URU,GK,Sporting CP,25.03561644,2000,11,9,0,1,0,0,7,0.3,-2,-0.18,13,33,39.4,214,45,10.3,23.3,50,22,27.4,99,2,2,4,0.36,11.3
18,Jhonatan,br BRA,GK,Rio Ave,33.99178082,1991,8,13,0,0,0,0,12.3,0.29,-0.7,-0.09,30,102,29.4,231,40,26.4,32.3,78,52.6,42.2,126,3,2.4,5,0.63,12
19,Luiz Lúcio Reis Júnior,br BRA,GK,Famalicão,24.30410959,2001,1,0,0,0,0,0,0.3,0.17,+0.3,+0.35,11,24,45.8,32,7,59.4,44.6,6,83.3,57.8,17,3,17.6,2,2,10.7
20,Kaique,br BRA,GK,Farense,22.05205479,2003,4,3,0,0,1,0,3.1,0.2,+0.1,+0.02,23,65,35.4,127,24,36.2,35,27,70.4,53.1,60,3,5,1,0.25,14.6
21,Kewin,br BRA,GK,Moreirense,29.5260274,1995,29,42,3,1,6,0,39.3,0.33,-2.7,-0.09,154,440,35,789,126,38.7,35,229,59,43.8,472,36,7.6,19,0.66,10.6
22,Vladen Kovačević,ba BIH,GK,Sporting CP,27.06575342,1998,6,5,0,0,0,0,3.7,0.23,-1.3,-0.21,6,16,37.5,98,20,13.3,22.6,14,21.4,28.5,52,3,5.8,4,0.67,14.5
23,Nico Mantl,de GER,GK,Arouca,25.24109589,2000,29,43,8,1,8,2,40.6,0.29,-0.4,-0.01,115,284,40.5,746,127,26.3,29,202,43.6,37.2,445,22,4.9,42,1.45,15.1
24,Matheus,br BRA,GK,Braga,32.79452055,1992,17,19,2,0,2,1,17.6,0.24,-0.4,-0.02,42,167,25.1,478,72,28.5,31.9,106,29.2,31.6,183,9,4.9,25,1.47,17.4
25,Francisco Meixedo,pt POR,GK,Estrela,23.96164384,2001,0.5,0,0,0,0,0,0.2,0.07,+0.2,+0.41,4,9,44.4,14,4,35.7,35.6,7,57.1,44.4,6,0,0,0,0,9
26,Cezary Miszta,pl POL,GK,Rio Ave,23.51232877,2001,23,38,3,0,4,4,37,0.31,+3.0,+0.13,94,301,31.2,595,105,33.8,33.7,209,47.8,43.1,361,19,5.3,21,0.91,13
27,Guillermo Ochoa,mx MEX,GK,AVS Futebol,39.8109589,1985,20,40,1,1,6,1,36.2,0.35,-2.8,-0.14,111,259,42.9,434,79,40.6,35.9,188,44.1,38.1,343,7,2,16,0.8,14.3
28,Cláudio Ramos,pt POR,GK,Porto,33.46575342,1991,2,3,1,0,0,0,3.3,0.3,+0.3,+0.14,4,10,40,44,6,18.2,24.7,7,28.6,32.7,14,2,14.3,2,1,15.1
29,Joel Robles,es ESP,GK,Estoril,34.88219178,1990,28,44,5,0,2,0,47.1,0.34,+3.1,+0.11,148,494,30,635,107,52.8,40.4,216,73.6,52.7,394,17,4.3,38,1.36,14.5
30,Caio Secco,br BRA,GK,Moreirense,34.36712329,1990,3,6,2,0,0,0,5.1,0.24,-0.9,-0.32,3,34,8.8,69,14,36.2,35.4,21,42.9,41.3,50,2,4,3,1,16.6
31,Patrick Sequeira,cr CRC,GK,Casa Pia,26.17808219,1999,31,40,6,0,3,1,41.3,0.25,+2.3,+0.07,111,418,26.6,874,153,35.4,33.5,177,61.6,47.1,447,35,7.8,23,0.74,11.8
32,Rui Silva,pt POR,GK,Sporting CP,31.23835616,1994,15,12,4,0,1,2,12.5,0.29,+2.5,+0.17,37,97,38.1,262,49,24.8,29.4,78,41,36.8,164,10,6.1,19,1.27,19.4
33,Samuel Soares,pt POR,GK,Benfica,22.88767123,2002,2,0,0,0,0,0,1,0.04,+1.0,+0.51,2,6,33.3,28,11,7.1,24.1,10,40,37.7,13,2,15.4,1,0.5,11.9
34,Tomé,pt POR,GK,Boavista,18.38356164,2006,2,5,0,0,0,0,2.3,0.24,-2.7,-1.36,13,44,29.5,21,0,85.7,55.2,26,100,62.1,33,0,0,2,1,14
35,Anatolii Trubin,ua UKR,GK,Benfica,23.75890411,2001,30,26,1,1,2,0,29.2,0.31,+3.2,+0.11,69,189,36.5,645,123,19.4,27.3,150,42.7,39.7,266,18,6.8,18,0.6,12.4
36,Tomáš Vaclík,cz CZE,GK,Boavista,36.10136986,1989,9,15,3,0,2,1,17.4,0.27,+3.4,+0.38,57,159,35.8,185,48,49.7,40.1,101,66.3,48.1,166,10,6,4,0.44,11.1
37,João Valido,pt POR,GK,Arouca,25.17260274,2000,3,4,1,0,1,0,2.7,0.2,-1.3,-0.43,7,14,50,53,12,20.8,27.2,28,10.7,20.9,31,5,16.1,3,1,12.4
38,Bruno Varela,cv CPV,GK,Vitória,30.49863014,1994,32,33,5,0,5,0,29.3,0.29,-3.7,-0.12,108,297,36.4,832,107,24.5,30.6,221,42.1,38,365,21,5.8,34,1.06,14.8
39,Ricardo Velho,pt POR,GK,Farense,26.70684932,1998,28,40,6,0,2,2,40.1,0.29,+2.1,+0.08,155,463,33.5,636,109,45.4,40.4,254,68.5,52,453,31,6.8,24,0.86,11.9
40,Ivan Zlobin,ru RUS,GK,Famalicão,28.16164384,1997,13,15,1,0,2,0,20.7,0.35,+5.7,+0.44,43,147,29.3,311,52,32.5,31.8,77,59.7,45.6,189,15,7.9,6,0.46,10.8
1,Anthoni,br BRA,GK,Internacional,23.27945205,2002,6.5,8,1,0,1,1,6.6,0.29,-0.4,-0.06,18,55,32.7,98,12,39.8,35.4,48,33.3,30.5,75,1,1.3,12,1.85,16.3
2,Lucas Arcanjo,br BRA,GK,Vitória,26.73972603,1998,6,8,0,0,4,0,11.4,0.27,+3.4,+0.56,23,71,32.4,167,31,28.7,31.9,46,50,44.6,107,8,7.5,0,0,7.7
3,Gabriel Brazão,br BRA,GK,Santos,24.58082192,2000,7,10,0,0,0,0,8.4,0.3,-1.6,-0.23,25,71,35.2,117,19,41.9,35.3,54,40.7,35.7,87,2,2.3,5,0.71,14
4,Cássio,br BRA,GK,Cruzeiro,37.91232877,1987,7,7,0,0,2,0,8,0.22,+1.0,+0.14,19,56,33.9,95,19,37.9,35.6,52,38.5,35.9,103,3,2.9,6,0.86,15.8
5,Matheus Donelli,br BRA,GK,Corinthians,22.96712329,2002,5,6,1,0,0,0,5.7,0.26,-0.3,-0.05,13,33,39.4,97,19,25.8,29.2,35,22.9,27.8,53,3,5.7,2,0.4,11.6
6,Éverson,br BRA,GK,Atlético Mineiro,34.78630137,1990,6,8,0,0,2,0,9.3,0.37,+1.3,+0.22,21,51,41.2,184,25,26.1,30.2,21,14.3,29,55,2,3.6,13,2.17,23
7,Fábio,br BRA,GK,Fluminense,44.59452055,1980,7,7,0,0,1,0,7,0.27,0,0,10,34,29.4,111,32,20.7,27.6,43,25.6,27.2,83,3,3.6,4,0.57,14.2
8,Marcos Felipe,br BRA,GK,Bahia,29.06027397,1996,3.8,3,0,0,0,0,4.5,0.34,+1.5,+0.38,18,40,45,112,21,19.6,26.8,38,47.4,31.8,69,2,2.9,8,2.11,17
9,Bruno Ferreira,br BRA,GK,Ceará,31.1369863,1994,3.7,4,0,0,0,0,4.6,0.36,+0.6,+0.16,21,78,26.9,76,10,64.5,47,40,72.5,53.1,71,4,5.6,3,0.81,13.1
10,Caíque França,br BRA,GK,Sport Recife,29.92054795,1995,7,10,2,0,1,0,11,0.28,+1.0,+0.15,21,66,31.8,138,26,26.8,31.8,61,47.5,39.4,101,7,6.9,6,0.86,13.6
11,Gabriel,br BRA,GK,Vitória,32.60273973,1992,1,2,0,0,0,0,1.2,0.31,-0.8,-0.77,1,10,10,28,4,35.7,34.5,6,0,22.5,11,0,0,0,0,4
12,Gustavo,br BRA,GK,Juventude,32.15342466,1993,4,12,1,0,3,0,7.8,0.26,-4.2,-1.05,10,28,35.7,98,23,19.4,28.7,19,47.4,33.7,59,4,6.8,0,0,5.8
13,Léo Jardim,br BRA,GK,Vasco da Gama,30.1260274,1995,7,9,0,0,0,2,7.3,0.33,+0.3,+0.04,14,60,23.3,146,21,30.1,33.1,59,27.1,31.8,132,6,4.5,5,0.71,10.5
14,John,br BRA,GK,Botafogo (RJ),29.22191781,1996,7,5,0,0,3,0,7.2,0.33,+2.2,+0.31,24,69,34.8,209,20,25.4,31.6,40,40,40.4,87,2,2.3,4,0.57,13.8
15,Lucão,br BRA,GK,RB Bragantino,24.18630137,2001,1,0,0,0,0,0,0.5,0.18,+0.5,+0.54,2,4,50,26,8,15.4,26.9,10,0,13.6,24,1,4.2,0,0,4.7
16,Marcão,br BRA,GK,Juventude,33.16438356,1992,2,2,0,0,0,0,1.8,0.16,-0.2,-0.11,4,29,13.8,53,11,50.9,39.9,2,100,70,34,4,11.8,1,0.5,8.3
17,Fernando Miguel,br BRA,GK,Ceará,40.25205479,1985,3.3,3,1,0,1,0,3.4,0.19,+0.4,+0.11,19,58,32.8,81,7,56.8,40.8,26,46.2,42.8,68,4,5.9,7,2.12,17
18,Alex Muralha,br BRA,GK,Mirassol,35.48219178,1989,6,9,1,0,0,0,7.8,0.28,-1.2,-0.2,13,53,24.5,123,19,34.1,32.4,34,32.4,30,113,3,2.7,14,2.33,15
19,Rafael Pires,br BRA,GK,São Paulo,35.86575342,1989,7,5,1,0,2,0,7.2,0.3,+2.2,+0.31,25,83,30.1,124,17,46,37.9,53,49.1,40.6,134,4,3,2,0.29,11.4
20,João Ricardo Riedi,br BRA,GK,Fortaleza,36.66027397,1988,7,5,0,0,1,0,7.8,0.24,+2.8,+0.39,38,98,38.8,152,33,43.4,36.8,59,54.2,43.7,103,7,6.8,6,0.86,13.8
21,Sergio Rochet,uy URU,GK,Internacional,32.11780822,1993,0.5,0,0,0,0,0,0.5,0.23,,,4,10,40,20,2,,39.2,3,,12,9,,,,,9
22,Ronaldo,br BRA,GK,Bahia,28.70136986,1996,3.2,4,0,0,0,0,4.3,0.25,+0.3,+0.09,10,42,23.8,91,13,33,31.3,20,60,39.4,53,6,11.3,4,1.25,14.2
23,Agustín Rossi,ar ARG,GK,Flamengo,29.70410959,1995,7,4,0,0,0,0,3,0.1,-1,-0.14,17,37,45.9,153,19,20.3,26.6,24,25,29.8,74,2,2.7,6,0.86,15
24,Cleiton Schwengber,br BRA,GK,RB Bragantino,27.70958904,1997,5,5,0,0,2,0,5.1,0.24,+0.1,+0.03,17,44,38.6,106,25,28.3,31.2,36,38.9,38.6,86,3,3.5,2,0.4,11.4
25,Hugo Souza,br BRA,GK,Corinthians,26.25753425,1999,2,6,1,0,0,0,4.5,0.35,-1.5,-0.77,6,12,50,40,9,27.5,31.3,12,8.3,24.8,24,0,0,1,0.5,20.5
26,Tiago Volpi,br BRA,GK,Grêmio,34.37534247,1990,7,11,3,1,0,0,13.3,0.35,+2.3,+0.33,44,107,41.1,184,20,45.7,38.7,43,53.5,44.6,116,6,5.2,5,0.71,11.7
27,Wéverton,br BRA,GK,Palmeiras,37.39178082,1987,7,3,0,0,2,0,4.9,0.18,+1.9,+0.28,20,107,18.7,153,18,51,41.2,47,61.7,50.9,104,7,6.7,9,1.29,15.8
1,Carlos Acevedo,mx MEX,GK,Santos,29.04383562,1996,33,65,2,0,6,4,55.3,0.29,-5.7,-0.17,164,429,38.2,823,151,34.9,34,309,46,38.3,522,16,3.1,28,0.85,14.3
2,Gil Alcalá,mx MEX,GK,UNAM,32.76712329,1992,4,2,0,0,1,0,1.8,0.26,-0.2,-0.04,19,40,47.5,129,31,28.7,30.4,18,16.7,25.6,43,1,2.3,6,1.5,15.5
3,Guillermo Allison,mx MEX,GK,Querétaro,34.60821918,1990,25,42,5,3,7,0,39.8,0.26,-2.2,-0.09,145,423,34.3,477,84,48.2,39.6,263,73.4,54.4,414,23,5.6,26,1.04,14.2
4,Esteban Andrada,ar ARG,GK,Monterrey,34.27123288,1991,24,29,4,0,4,0,27.7,0.26,-1.3,-0.05,117,296,39.5,794,138,29.5,31.9,148,41.9,37.6,297,30,10.1,27,1.13,14.1
5,Luis Ángel Malagón,mx MEX,GK,América,28.17534247,1997,28.5,27,2,0,3,0,23.7,0.23,-3.3,-0.11,114,289,39.4,707,80,26.9,32.9,224,44.2,38.8,309,12,3.9,23,0.81,12.8
6,José Antonio Rodríguez,mx MEX,GK,Tijuana,32.83561644,1992,20.9,36,3,0,4,2,33.9,0.28,-0.1,0,118,298,39.6,870,87,25.6,30.3,122,61.5,49.1,275,16,5.8,23,1.1,14.4
7,Alfonso Blanco Antúnez,mx MEX,GK,León,37.76164384,1987,26,33,3,0,6,2,35.3,0.25,+4.3,+0.16,128,329,38.9,695,128,31.1,33.5,241,46.9,40.4,365,11,3,20,0.77,14.4
8,Luis Cárdenas,mx MEX,GK,Monterrey,31.63561644,1993,10,13,1,0,4,0,12,0.28,-1,-0.1,38,75,50.7,263,64,16.7,28.5,73,42.5,38.5,123,5,4.1,15,1.5,13.9
9,José Corona,mx MEX,GK,Tijuana,44.27123288,1981,10.1,18,2,0,3,0,20,0.33,+2.0,+0.20,27,70,38.6,338,42,16,25.8,44,36.4,33.5,109,2,1.8,8,0.79,14.3
10,Rodolfo Cota,mx MEX,GK,América,37.83835616,1987,5.5,4,0,0,0,0,3.5,0.21,-0.5,-0.09,14,37,37.8,171,18,18.1,27.9,30,20,21.8,37,2,5.4,6,1.09,15.8
11,Arturo Delgado,mx MEX,GK,FC Juárez,23.20821918,2002,2,1,0,1,0,0,2,0.19,+1.0,+0.52,11,32,34.4,60,8,41.7,36.6,19,36.8,36.1,16,2,12.5,0,0,6.4
12,Benny Díaz,mx MEX,GK,FC Juárez,26.38630137,1998,11,26,5,0,2,0,21.9,0.28,-4.1,-0.38,47,141,33.3,299,55,28.8,30.4,103,53.4,44.1,174,8,4.6,19,1.73,16.2
13,José Eulogio,mx MEX,GK,Pachuca,21.22739726,2004,2,4,0,0,1,0,2.5,0.31,-1.5,-0.77,8,16,50,27,7,40.7,36.3,16,31.3,32.3,15,0,0,0,0,12.5
14,Carlos Felipe Rodríguez,mx MEX,GK,UANL,36.08767123,1989,3,1,0,0,1,0,1.6,0.16,+0.6,+0.19,6,23,26.1,56,12,28.6,29.2,19,36.8,32.5,41,1,2.4,1,0.33,12.3
15,Eduardo García,mx MEX,GK,Guadalajara,22.81643836,2002,2,3,0,0,1,0,2,0.22,-1,-0.52,9,22,40.9,46,7,30.4,32.8,19,42.1,41.9,35,2,5.7,1,0.5,10.8
16,Hugo González Durán,mx MEX,GK,Mazatlán,34.75890411,1990,33.5,45,6,1,5,1,42.5,0.26,-1.5,-0.04,186,466,39.9,825,155,38.1,36.2,287,53,44.2,476,26,5.5,30,0.9,14.4
17,Andrés Gudiño,mx MEX,GK,Cruz Azul,28.26849315,1997,1,1,0,0,0,0,0.5,0.18,-0.5,-0.45,2,3,66.7,32,4,6.3,19.1,5,20,21,5,0,0,0,0,7
18,Ricardo Gutiérrez,mx MEX,GK,Mazatlán,27.88219178,1997,0.5,0,0,0,0,0,0.7,0.14,+0.7,+1.40,2,5,40,12,1,33.3,32.2,3,33.3,34.3,4,0,0,0,0,10
19,Nahuel Guzmán,ar ARG,GK,UANL,39.23013699,1986,28,26,4,1,1,0,29.9,0.26,+3.9,+0.14,154,313,49.2,847,94,29.4,32.2,184,34.8,35.8,315,16,5.1,40,1.43,16.4
20,Jorge Hernández,mx MEX,GK,Querétaro,26.40821918,1998,9,13,1,0,2,0,12.8,0.3,-0.2,-0.02,31,125,24.8,137,21,56.9,46.1,85,55.3,48.4,190,4,2.1,0,0,8.7
21,Héctor Holguín,mx MEX,GK,Santos,24.03013699,2001,1,1,1,0,0,0,1.6,0.14,+0.6,+0.62,2,7,28.6,36,5,8.3,21.9,10,40,38.6,22,0,0,0,0,11.3
22,Oscar Jiménez,mx MEX,GK,León,36.56164384,1988,8,11,0,0,0,0,10.6,0.26,-0.4,-0.05,43,101,42.6,196,37,29.6,32.8,69,62.3,47.8,95,8,8.4,5,0.63,13
23,Miguel Jiménez Ponce,mx MEX,GK,Puebla,35.14246575,1990,24,40,3,2,9,1,36.5,0.28,-2.5,-0.11,125,439,28.5,414,61,53.9,42.3,255,84.7,61.6,478,17,3.6,9,0.38,10.6
24,Julio José González,mx MEX,GK,UNAM,34.03287671,1991,13,11,2,0,1,1,10.8,0.2,+0.8,+0.06,62,178,34.8,319,62,35.1,33.4,113,58.4,48.2,143,6,4.2,30,2.31,18.5
25,Julio José González,mx MEX,GK,Puebla,34.03287671,1991,6,8,1,1,0,0,6.1,0.2,-1.9,-0.32,25,71,35.2,111,25,34.2,38.1,69,47.8,41.7,83,3,3.6,5,0.83,14.8
26,Sebastián Jurado,mx MEX,GK,FC Juárez,27.6,1997,21,30,2,0,3,1,27.2,0.29,-1.8,-0.08,69,258,26.7,578,64,32.5,33.4,120,58.3,47,263,11,4.2,13,0.62,13.4
27,Pablo Lara,mx MEX,GK,UNAM,19.84931507,2005,7,9,0,0,0,1,7.5,0.24,-0.5,-0.08,35,97,36.1,173,24,41.6,38,57,43.9,41,70,5,7.1,19,2.71,18
28,Cesar López,mx MEX,GK,Atlético,24.90136986,2000,4.8,7,0,1,1,0,5.4,0.26,-1.6,-0.34,17,64,26.6,152,21,30.9,34.6,46,37,39.2,61,1,1.6,14,2.89,15.6
29,Pau López,es ESP,GK,Toluca,30.39178082,1994,10,13,0,0,0,1,8.9,0.24,-3.1,-0.31,29,88,33,354,39,17.2,26.9,78,34.6,36.8,106,4,3.8,13,1.3,15.9
30,Luis Manuel García,mx MEX,GK,Toluca,32.34246575,1992,5,6,0,1,1,0,4.6,0.31,-1.4,-0.28,17,53,32.1,134,17,31.3,33.9,27,40.7,38.5,64,3,4.7,2,0.4,11.9
31,Kevin Mier,co COL,GK,Cruz Azul,24.96438356,2000,33,27,3,0,6,1,25.2,0.25,-0.8,-0.02,115,285,40.4,1254,98,15.9,26.4,217,39.2,36.3,373,14,3.8,43,1.3,15.7
32,Carlos Moreno,mx MEX,GK,Pachuca,27.2630137,1998,32,48,4,0,8,0,38.4,0.25,-9.6,-0.3,180,373,48.3,646,177,34.8,35.1,276,53.6,44.5,405,27,6.7,42,1.31,14.8
33,Miguel Ortega,mx MEX,GK,Tijuana,30.06027397,1995,3,6,1,0,0,0,5.8,0.39,-0.2,-0.06,14,31,45.2,107,10,24.3,29.5,12,41.7,41,32,2,6.3,4,1.33,14.2
34,Alex Padilla,es ESP,GK,UNAM,21.6739726,2003,10,17,1,1,1,0,13.5,0.33,-3.5,-0.35,48,131,36.6,264,40,36.4,36.5,67,52.2,46.7,124,9,7.3,6,0.6,12.2
35,José Rangel Aguilar,mx MEX,GK,Guadalajara,25.1890411,2000,32,32,1,0,4,1,32.3,0.25,+1.3,+0.04,147,391,37.6,919,150,29.2,32.6,215,57.2,48,383,32,8.4,36,1.13,14.9
36,Jesús Rodríguez,mx MEX,GK,Puebla,31.95616438,1993,4,8,0,0,1,0,8,0.4,0,+0.01,21,41,51.2,123,18,22.8,29.6,38,34.2,37.6,48,4,8.3,4,1,14.3
37,Andrés Sánchez,mx MEX,GK,Atlético,27.58630137,1997,29.2,45,1,0,7,0,40.5,0.3,-4.5,-0.16,92,272,33.8,866,135,20.7,29,269,34.6,34.8,398,23,5.8,49,1.68,16.4
38,José Santiago Hernández,mx MEX,GK,Atlas,28.0109589,1997,3,3,1,0,0,0,2.5,0.25,-0.5,-0.18,10,27,37,66,9,33.3,32.4,14,35.7,36.9,24,1,4.2,2,0.67,17.8
39,Fernando Tapia,mx MEX,GK,UANL,23.88219178,2001,3,2,0,0,0,0,3,0.19,+1.0,+0.34,12,35,34.3,68,14,26.5,32.6,36,47.2,43.9,52,2,3.8,5,1.67,18.9
40,Ezequiel Unsain,ar ARG,GK,Necaxa,30.15616438,1995,34,55,5,0,3,0,52,0.3,-3,-0.09,203,551,36.8,859,115,42.5,38.4,287,64.8,51.7,531,33,6.2,29,0.85,13.8
41,Camilo Vargas,co COL,GK,Atlas,36.15616438,1989,31,52,3,1,3,1,42.3,0.26,-8.7,-0.28,126,404,31.2,866,137,33.1,33.4,249,47,41.6,429,11,2.6,32,1.03,15.5
42,Tiago Volpi,br BRA,GK,Toluca,34.37534247,1990,19,19,1,0,1,0,24.3,0.27,+5.3,+0.28,107,249,43,643,66,27.8,33.6,125,56,49.7,259,18,6.9,23,1.21,14.6